STORE,UPC,WEEK,MOVE,PRICE,QTY,SALE,PROFIT,OK,PRICE_HEX,PROFIT_HEX,CUSTOMCOUNT,COSTPRICE
12,5400018080,1,18,0.96,1,,20.94,1,3FEEB851EB851EB8,4034F0A3D70A3D71,28046.0,0.758976
12,5400018080,2,498,0.79,1,B,1.14,1,3FE947AE147AE148,3FF23D70A3D70A3D,28987.0,0.7809940000000001
12,5400018080,3,46,0.79,1,B,16.08,1,3FE947AE147AE148,4030147AE147AE14,27657.0,0.6629680000000001
12,5400018080,4,75,0.79,1,B,16.08,1,3FE947AE147AE148,4030147AE147AE14,28496.0,0.6629680000000001
12,5400018080,5,18,0.96,1,,18.75,1,3FEEB851EB851EB8,4032C00000000000,28064.0,0.78
12,5400018080,6,33,0.96,1,,18.02,1,3FEEB851EB851EB8,4032051EB851EB85,26954.0,0.7870079999999999
12,5400018080,7,89,0.96,1,,17.5,1,3FEEB851EB851EB8,4031800000000000,27992.0,0.7919999999999999
12,5400018080,8,317,0.79,1,B,5.82,1,3FE947AE147AE148,401747AE147AE148,27383.0,0.744022
12,5400018080,9,296,0.79,1,B,3.92,1,3FE947AE147AE148,400F5C28F5C28F5C,26223.0,0.759032
12,5400018080,10,136,0.96,1,,18.54,1,3FEEB851EB851EB8,40328A3D70A3D70A,29775.0,0.7820159999999999
12,5400018080,11,35,0.96,1,,17.71,1,3FEEB851EB851EB8,4031B5C28F5C28F6,24634.0,0.7899839999999999
12,5400018080,12,48,0.96,1,,16.98,1,3FEEB851EB851EB8,4030FAE147AE147B,26445.0,0.796992
12,5400018080,13,41,0.96,1,,16.77,1,3FEEB851EB851EB8,4030C51EB851EB85,26213.0,0.799008
12,5400018080,14,31,0.96,1,,16.77,1,3FEEB851EB851EB8,4030C51EB851EB85,26175.0,0.799008
12,5400018080,15,64,0.83,1,B,4.7,1,3FEA8F5C28F5C28F,4012CCCCCCCCCCCD,22405.0,0.79099
12,5400018080,16,82,0.83,1,B,18.19,1,3FEA8F5C28F5C28F,403230A3D70A3D71,25971.0,0.679023
12,5400018080,17,36,0.83,1,B,15.3,1,3FEA8F5C28F5C28F,402E99999999999A,25169.0,0.7030099999999999
12,5400018080,18,26,0.96,1,,22.08,1,3FEEB851EB851EB8,4036147AE147AE14,26259.0,0.748032
12,5400018080,19,25,0.96,1,,20.42,1,3FEEB851EB851EB8,40346B851EB851EC,26261.0,0.763968
12,5400018080,20,76,0.89,1,,17.53,1,3FEC7AE147AE147B,403187AE147AE148,26739.0,0.733983
12,5400018080,21,428,0.79,1,,8.23,1,3FE947AE147AE148,402075C28F5C28F6,27325.0,0.724983
12,5400018080,22,38,0.89,1,,18.54,1,3FEC7AE147AE147B,40328A3D70A3D70A,27267.0,0.724994
12,5400018080,23,41,0.96,1,,24.48,1,3FEEB851EB851EB8,40387AE147AE147B,27649.0,0.724992
12,5400018080,24,136,0.96,1,,24.48,1,3FEEB851EB851EB8,40387AE147AE147B,25529.0,0.724992
12,5400018080,25,523,0.79,1,B,8.23,1,3FE947AE147AE148,402075C28F5C28F6,26572.0,0.724983
12,5400018080,26,117,0.79,1,B,8.23,1,3FE947AE147AE148,402075C28F5C28F6,26847.0,0.724983
12,5400018080,27,121,0.79,1,B,8.23,1,3FE947AE147AE148,402075C28F5C28F6,27673.0,0.724983
12,5400018080,28,33,0.96,1,,24.48,1,3FEEB851EB851EB8,40387AE147AE147B,27460.0,0.724992
12,5400018080,29,35,0.96,1,,24.48,1,3FEEB851EB851EB8,40387AE147AE147B,27570.0,0.724992
12,5400018080,30,22,0.96,1,,24.48,1,3FEEB851EB851EB8,40387AE147AE147B,28868.0,0.724992
12,5400018080,31,27,0.79,1,B,8.23,0,3FE947AE147AE148,402075C28F5C28F6,27622.0,0.724983
12,5400018080,32,34,0.79,1,B,8.23,1,3FE947AE147AE148,402075C28F5C28F6,27261.0,0.724983
12,5400018080,33,35,0.96,1,,16.67,1,3FEEB851EB851EB8,4030AB851EB851EC,28740.0,0.7999679999999999
12,5400018080,34,35,0.96,1,,16.67,1,3FEEB851EB851EB8,4030AB851EB851EC,27341.0,0.7999679999999999
12,5400018080,35,31,0.96,1,,22.08,1,3FEEB851EB851EB8,4036147AE147AE14,28965.0,0.748032
12,5400018080,36,97,0.79,1,,8.23,1,3FE947AE147AE148,402075C28F5C28F6,28466.0,0.724983
12,5400018080,37,28,0.96,1,,21.67,1,3FEEB851EB851EB8,4035AB851EB851EC,29052.0,0.751968
12,5400018080,38,32,0.96,1,,21.15,1,3FEEB851EB851EB8,4035266666666666,28991.0,0.75696
12,5400018080,39,51,0.96,1,,21.15,1,3FEEB851EB851EB8,4035266666666666,28120.0,0.75696
12,5400018080,40,38,0.79,1,B,4.94,0,3FE947AE147AE148,4013C28F5C28F5C3,28976.0,0.750974
12,5400018080,41,44,0.79,1,,4.94,1,3FE947AE147AE148,4013C28F5C28F5C3,28511.0,0.750974
12,5400018080,42,55,0.96,1,,21.77,1,3FEEB851EB851EB8,4035C51EB851EB85,31630.0,0.751008
12,5400018080,43,46,0.96,1,,21.77,1,3FEEB851EB851EB8,4035C51EB851EB85,28777.0,0.751008
12,5400018080,44,57,0.96,1,,23.75,1,3FEEB851EB851EB8,4037C00000000000,28712.0,0.732
12,5400018080,45,113,0.79,1,B,8.1,1,3FE947AE147AE148,4020333333333333,28852.0,0.72601
12,5400018080,46,67,0.79,1,B,8.23,1,3FE947AE147AE148,402075C28F5C28F6,29050.0,0.724983
12,5400018080,47,37,0.96,1,,24.48,1,3FEEB851EB851EB8,40387AE147AE147B,28950.0,0.724992
12,5400018080,48,44,0.96,1,,24.48,1,3FEEB851EB851EB8,40387AE147AE147B,28427.0,0.724992
12,5400018080,49,95,0.96,1,,24.48,1,3FEEB851EB851EB8,40387AE147AE147B,29006.0,0.724992
12,5400018080,50,96,0.79,1,,8.23,1,3FE947AE147AE148,402075C28F5C28F6,29746.0,0.724983
12,5400018080,51,27,0.96,1,,24.48,1,3FEEB851EB851EB8,40387AE147AE147B,30857.0,0.724992
12,5400018080,52,64,0.96,1,,23.65,1,3FEEB851EB851EB8,4037A66666666666,29161.0,0.7329600000000001
12,5400018080,53,52,0.96,1,,20.21,1,3FEEB851EB851EB8,403435C28F5C28F6,28755.0,0.765984
12,5400018080,54,71,0.79,1,B,12.66,1,3FE947AE147AE148,402951EB851EB852,29003.0,0.689986
12,5400018080,55,119,0.79,1,B,13.54,1,3FE947AE147AE148,402B147AE147AE14,28989.0,0.683034
12,5400018080,56,45,0.79,1,B,16.58,1,3FE947AE147AE148,4030947AE147AE14,27883.0,0.6590180000000001
12,5400018080,57,37,0.96,1,,31.35,1,3FEEB851EB851EB8,403F59999999999A,28301.0,0.65904
12,5400018080,58,28,0.96,1,,31.35,1,3FEEB851EB851EB8,403F59999999999A,27969.0,0.65904
12,5400018080,59,23,0.96,1,,20.21,1,3FEEB851EB851EB8,403435C28F5C28F6,29623.0,0.765984
12,5400018080,60,52,0.96,1,,16.98,1,3FEEB851EB851EB8,4030FAE147AE147B,27294.0,0.796992
12,5400018080,61,28,0.96,1,,16.77,1,3FEEB851EB851EB8,4030C51EB851EB85,27177.0,0.799008
12,5400018080,62,47,0.96,1,,16.67,1,3FEEB851EB851EB8,4030AB851EB851EC,32428.0,0.7999679999999999
12,5400018080,63,33,0.96,1,,16.67,1,3FEEB851EB851EB8,4030AB851EB851EC,25897.0,0.7999679999999999
12,5400018080,64,73,0.96,1,,29.27,1,3FEEB851EB851EB8,403D451EB851EB85,29595.0,0.6790080000000001
12,5400018080,65,111,0.79,1,B,15.32,1,3FE947AE147AE148,402EA3D70A3D70A4,28652.0,0.668972
12,5400018080,66,78,0.79,1,B,15.44,1,3FE947AE147AE148,402EE147AE147AE1,28564.0,0.6680240000000001
12,5400018080,67,32,0.96,1,,30.42,1,3FEEB851EB851EB8,403E6B851EB851EC,24298.0,0.6679679999999999
12,5400018080,68,38,0.96,1,,30.42,1,3FEEB851EB851EB8,403E6B851EB851EC,26814.0,0.6679679999999999
12,5400018080,69,55,0.96,1,,30.42,1,3FEEB851EB851EB8,403E6B851EB851EC,24701.0,0.6679679999999999
12,5400018080,70,39,0.96,1,,30.42,1,3FEEB851EB851EB8,403E6B851EB851EC,27059.0,0.6679679999999999
12,5400018080,71,36,0.96,1,,30.42,1,3FEEB851EB851EB8,403E6B851EB851EC,27499.0,0.6679679999999999
12,5400018080,72,44,0.96,1,,27.6,1,3FEEB851EB851EB8,403B99999999999A,26723.0,0.69504
12,5400018080,73,42,0.96,1,,20.42,1,3FEEB851EB851EB8,40346B851EB851EC,31004.0,0.763968
12,5400018080,74,36,0.96,1,,17.81,1,3FEEB851EB851EB8,4031CF5C28F5C28F,28050.0,0.7890240000000001
12,5400018080,75,25,0.96,1,,17.29,1,3FEEB851EB851EB8,40314A3D70A3D70A,27521.0,0.7940159999999999
12,5400018080,76,59,0.96,1,B,16.98,1,3FEEB851EB851EB8,4030FAE147AE147B,27885.0,0.796992
12,5400018080,77,397,0.79,1,B,14.05,1,3FE947AE147AE148,402C19999999999A,28517.0,0.679005
12,5400018080,78,181,0.79,1,B,14.56,1,3FE947AE147AE148,402D1EB851EB851F,26713.0,0.674976
12,5400018080,79,20,0.83,1,B,18.67,1,3FEA8F5C28F5C28F,4032AB851EB851EC,30611.0,0.675039
12,5400018080,80,8,0.96,1,,29.69,1,3FEEB851EB851EB8,403DB0A3D70A3D71,28593.0,0.674976
12,5400018080,81,33,0.96,1,,19.38,1,3FEEB851EB851EB8,40336147AE147AE1,28865.0,0.773952
12,5400018080,82,35,0.84,1,B,10.0,1,3FEAE147AE147AE1,4024000000000000,28428.0,0.756
12,5400018080,83,24,0.84,1,B,18.69,1,3FEAE147AE147AE1,4032B0A3D70A3D71,28405.0,0.683004
12,5400018080,84,24,0.96,1,,25.1,1,3FEEB851EB851EB8,403919999999999A,28623.0,0.71904
12,5400018080,85,29,0.96,1,,17.19,1,3FEEB851EB851EB8,403130A3D70A3D71,28373.0,0.7949759999999999
12,5400018080,86,17,0.96,1,,16.88,1,3FEEB851EB851EB8,4030E147AE147AE1,29824.0,0.797952
12,5400018080,87,26,0.96,1,,16.88,1,3FEEB851EB851EB8,4030E147AE147AE1,29667.0,0.797952
12,5400018080,88,67,0.96,1,,28.85,1,3FEEB851EB851EB8,403CD9999999999A,27887.0,0.68304
12,5400018080,89,0,0.0,1,,0.0,0,0000000000000000,0000000000000000,26150.0,0.0
12,5400018080,90,34,0.79,1,B,13.54,1,3FE947AE147AE148,402B147AE147AE14,30123.0,0.683034
12,5400018080,91,9,0.96,1,S,28.85,1,3FEEB851EB851EB8,403CD9999999999A,29080.0,0.68304
12,5400018080,92,28,0.96,1,,28.85,1,3FEEB851EB851EB8,403CD9999999999A,29263.0,0.68304
12,5400018080,93,12,0.96,1,,22.6,1,3FEEB851EB851EB8,403699999999999A,29406.0,0.74304
12,5400018080,94,44,0.96,1,,22.6,1,3FEEB851EB851EB8,403699999999999A,30595.0,0.74304
12,5400018080,95,42,0.96,1,,20.21,1,3FEEB851EB851EB8,403435C28F5C28F6,29897.0,0.765984
12,5400018080,96,47,0.96,1,,20.21,1,3FEEB851EB851EB8,403435C28F5C28F6,30325.0,0.765984
12,5400018080,97,262,0.79,1,,13.04,1,3FE947AE147AE148,402A147AE147AE14,30159.0,0.686984
12,5400018080,98,42,0.96,1,,28.54,1,3FEEB851EB851EB8,403C8A3D70A3D70A,29702.0,0.686016
12,5400018080,99,60,0.96,1,,28.54,1,3FEEB851EB851EB8,403C8A3D70A3D70A,31032.0,0.686016
12,5400018080,100,25,0.96,1,,28.54,1,3FEEB851EB851EB8,403C8A3D70A3D70A,29661.0,0.686016
12,5400018080,101,35,0.96,1,,28.54,1,3FEEB851EB851EB8,403C8A3D70A3D70A,29304.0,0.686016
12,5400018080,102,38,0.96,1,,28.54,1,3FEEB851EB851EB8,403C8A3D70A3D70A,30797.0,0.686016
12,5400018080,103,66,0.79,1,B,15.19,1,3FE947AE147AE148,402E6147AE147AE1,31006.0,0.669999
12,5400018080,104,0,0.0,1,,0.0,0,0000000000000000,0000000000000000,31020.0,0.0
12,5400018080,105,60,0.96,1,,30.21,0,3FEEB851EB851EB8,403E35C28F5C28F6,31239.0,0.6699839999999999
12,5400018080,106,45,0.96,1,,30.21,1,3FEEB851EB851EB8,403E35C28F5C28F6,30389.0,0.6699839999999999
12,5400018080,107,78,0.87,1,B,22.99,1,3FEBD70A3D70A3D7,4036FD70A3D70A3D,29408.0,0.669987
12,5400018080,108,56,0.87,1,B,22.99,1,3FEBD70A3D70A3D7,4036FD70A3D70A3D,29950.0,0.669987
12,5400018080,109,388,0.79,1,S,10.25,1,3FE947AE147AE148,4024800000000000,29749.0,0.709025
12,5400018080,110,50,0.87,1,,18.51,1,3FEBD70A3D70A3D7,4032828F5C28F5C3,32154.0,0.708963
12,5400018080,111,54,0.87,1,,18.51,1,3FEBD70A3D70A3D7,4032828F5C28F5C3,30018.0,0.708963
12,5400018080,112,41,0.87,1,,18.51,1,3FEBD70A3D70A3D7,4032828F5C28F5C3,28903.0,0.708963
12,5400018080,113,52,0.87,1,B,18.51,1,3FEBD70A3D70A3D7,4032828F5C28F5C3,29459.0,0.708963
12,5400018080,114,60,0.87,1,B,18.51,1,3FEBD70A3D70A3D7,4032828F5C28F5C3,29363.0,0.708963
12,5400018080,115,47,0.87,1,B,18.51,1,3FEBD70A3D70A3D7,4032828F5C28F5C3,33206.0,0.708963
12,5400018080,116,41,0.87,1,B,18.51,1,3FEBD70A3D70A3D7,4032828F5C28F5C3,26705.0,0.708963
12,5400018080,117,44,0.87,1,B,18.39,1,3FEBD70A3D70A3D7,403263D70A3D70A4,29277.0,0.710007
12,5400018080,118,57,0.87,1,B,18.39,1,3FEBD70A3D70A3D7,403263D70A3D70A4,28180.0,0.710007
12,5400018080,119,335,0.79,1,B,10.13,1,3FE947AE147AE148,4024428F5C28F5C3,25301.0,0.7099730000000001
12,5400018080,120,161,0.96,1,S,26.04,1,3FEEB851EB851EB8,403A0A3D70A3D70A,28496.0,0.710016
12,5400018080,121,52,0.96,1,,26.04,1,3FEEB851EB851EB8,403A0A3D70A3D70A,29596.0,0.710016
12,5400018080,122,379,0.79,1,,9.24,1,3FE947AE147AE148,40227AE147AE147B,28309.0,0.717004
12,5400018080,123,45,0.96,1,,25.31,1,3FEEB851EB851EB8,40394F5C28F5C28F,28795.0,0.717024
12,5400018080,124,56,0.89,1,B,19.44,1,3FEC7AE147AE147B,403370A3D70A3D71,29972.0,0.716984
12,5400018080,125,34,0.89,1,B,19.44,1,3FEC7AE147AE147B,403370A3D70A3D71,28690.0,0.716984
12,5400018080,126,60,0.89,1,B,19.44,1,3FEC7AE147AE147B,403370A3D70A3D71,28703.0,0.716984
12,5400018080,127,28,0.89,1,B,19.44,1,3FEC7AE147AE147B,403370A3D70A3D71,30851.0,0.716984
12,5400018080,128,44,0.89,1,B,19.78,1,3FEC7AE147AE147B,4033C7AE147AE148,28706.0,0.713958
12,5400018080,129,47,0.89,1,B,19.44,1,3FEC7AE147AE147B,403370A3D70A3D71,28087.0,0.716984
12,5400018080,130,31,0.89,1,B,19.44,1,3FEC7AE147AE147B,403370A3D70A3D71,29778.0,0.716984
12,5400018080,131,31,0.89,1,B,19.33,1,3FEC7AE147AE147B,4033547AE147AE14,28536.0,0.717963
12,5400018080,132,51,0.89,1,B,19.21,1,3FEC7AE147AE147B,403335C28F5C28F6,29115.0,0.719031
12,5400018080,133,48,0.72,1,B,0.28,1,3FE70A3D70A3D70A,3FD1EB851EB851EC,29636.0,0.717984
12,5400018080,134,45,0.72,1,B,0.56,1,3FE70A3D70A3D70A,3FE1EB851EB851EC,28489.0,0.7159679999999999
12,5400018080,135,47,0.87,1,B,17.7,1,3FEBD70A3D70A3D7,4031B33333333333,30368.0,0.7160099999999999
12,5400018080,136,40,0.87,1,B,17.7,1,3FEBD70A3D70A3D7,4031B33333333333,29414.0,0.7160099999999999
12,5400018080,137,46,0.87,1,B,17.7,1,3FEBD70A3D70A3D7,4031B33333333333,28394.0,0.7160099999999999
12,5400018080,138,54,0.87,1,B,17.7,1,3FEBD70A3D70A3D7,4031B33333333333,29405.0,0.7160099999999999
12,5400018080,139,35,0.87,1,B,18.28,1,3FEBD70A3D70A3D7,403247AE147AE148,30497.0,0.7109639999999999
12,5400018080,140,429,3.0,4,B,5.33,1,4008000000000000,401551EB851EB852,33266.0,0.710025
12,5400018080,141,65,0.87,1,B,18.39,1,3FEBD70A3D70A3D7,403263D70A3D70A4,30060.0,0.710007
12,5400018080,142,15,0.87,1,B,18.39,1,3FEBD70A3D70A3D7,403263D70A3D70A4,33204.0,0.710007
12,5400018080,143,5,0.87,1,B,18.39,1,3FEBD70A3D70A3D7,403263D70A3D70A4,29334.0,0.710007
12,5400018080,144,18,0.87,1,B,18.39,1,3FEBD70A3D70A3D7,403263D70A3D70A4,29471.0,0.710007
12,5400018080,145,13,0.87,1,,18.39,1,3FEBD70A3D70A3D7,403263D70A3D70A4,30291.0,0.710007
12,5400018080,146,37,0.87,1,B,18.39,1,3FEBD70A3D70A3D7,403263D70A3D70A4,29305.0,0.710007
12,5400018080,147,76,0.79,1,,10.13,1,3FE947AE147AE148,4024428F5C28F5C3,30781.0,0.7099730000000001
12,5400018080,148,124,0.79,1,B,10.13,1,3FE947AE147AE148,4024428F5C28F5C3,29848.0,0.7099730000000001
12,5400018080,149,275,0.79,1,,10.13,1,3FE947AE147AE148,4024428F5C28F5C3,28909.0,0.7099730000000001
12,5400018080,150,56,0.79,1,B,10.13,1,3FE947AE147AE148,4024428F5C28F5C3,30584.0,0.7099730000000001
12,5400018080,151,64,0.79,1,B,10.13,1,3FE947AE147AE148,4024428F5C28F5C3,28587.0,0.7099730000000001
12,5400018080,152,39,0.79,1,,10.13,1,3FE947AE147AE148,4024428F5C28F5C3,29072.0,0.7099730000000001
12,5400018080,153,58,0.79,1,,10.13,1,3FE947AE147AE148,4024428F5C28F5C3,29895.0,0.7099730000000001
12,5400018080,154,52,0.79,1,,10.13,1,3FE947AE147AE148,4024428F5C28F5C3,29016.0,0.7099730000000001
12,5400018080,155,41,0.79,1,,10.13,1,3FE947AE147AE148,4024428F5C28F5C3,29447.0,0.7099730000000001
12,5400018080,156,71,0.79,1,,10.13,1,3FE947AE147AE148,4024428F5C28F5C3,25747.0,0.7099730000000001
12,5400018080,157,48,0.79,1,,10.13,1,3FE947AE147AE148,4024428F5C28F5C3,28655.0,0.7099730000000001
12,5400018080,158,2,0.79,1,S,10.13,1,3FE947AE147AE148,4024428F5C28F5C3,29794.0,0.7099730000000001
12,5400018080,159,20,0.79,1,,10.13,1,3FE947AE147AE148,4024428F5C28F5C3,29683.0,0.7099730000000001
12,5400018080,160,360,1.5,2,B,5.33,1,3FF8000000000000,401551EB851EB852,30174.0,0.710025
12,5400018080,161,12,0.96,1,B,26.04,1,3FEEB851EB851EB8,403A0A3D70A3D70A,28836.0,0.710016
12,5400018080,162,51,0.79,1,B,10.13,1,3FE947AE147AE148,4024428F5C28F5C3,30614.0,0.7099730000000001
12,5400018080,163,33,0.79,1,B,10.13,1,3FE947AE147AE148,4024428F5C28F5C3,29690.0,0.7099730000000001
12,5400018080,164,82,0.79,1,B,10.13,1,3FE947AE147AE148,4024428F5C28F5C3,28576.0,0.7099730000000001
12,5400018080,165,63,0.79,1,B,10.13,1,3FE947AE147AE148,4024428F5C28F5C3,28548.0,0.7099730000000001
12,5400018080,166,30,0.79,1,,10.13,1,3FE947AE147AE148,4024428F5C28F5C3,27299.0,0.7099730000000001
12,5400018080,167,360,3.0,4,S,5.33,1,4008000000000000,401551EB851EB852,30315.0,0.710025
12,5400018080,168,231,0.79,1,,10.13,1,3FE947AE147AE148,4024428F5C28F5C3,26059.0,0.7099730000000001
12,5400018080,169,79,0.79,1,,10.13,1,3FE947AE147AE148,4024428F5C28F5C3,28628.0,0.7099730000000001
12,5400018080,170,56,0.79,1,B,10.13,1,3FE947AE147AE148,4024428F5C28F5C3,26686.0,0.7099730000000001
12,5400018080,171,69,0.79,1,,10.13,1,3FE947AE147AE148,4024428F5C28F5C3,28417.0,0.7099730000000001
12,5400018080,172,251,0.79,1,B,10.13,1,3FE947AE147AE148,4024428F5C28F5C3,23079.0,0.7099730000000001
12,5400018080,173,117,1.5,2,,5.33,1,3FF8000000000000,401551EB851EB852,26692.0,0.710025
12,5400018080,174,80,0.96,1,,26.04,1,3FEEB851EB851EB8,403A0A3D70A3D70A,26964.0,0.710016
12,5400018080,175,71,0.88,1,B,19.32,1,3FEC28F5C28F5C29,403351EB851EB852,26414.0,0.709984
12,5400018080,176,31,0.88,1,B,18.64,1,3FEC28F5C28F5C29,4032A3D70A3D70A4,27464.0,0.715968
12,5400018080,177,40,0.88,1,B,18.3,1,3FEC28F5C28F5C29,40324CCCCCCCCCCD,26907.0,0.7189599999999999
12,5400018080,178,36,0.88,1,,18.18,1,3FEC28F5C28F5C29,40322E147AE147AE,26638.0,0.720016
12,5400018080,179,26,0.88,1,B,18.18,1,3FEC28F5C28F5C29,40322E147AE147AE,28104.0,0.720016
12,5400018080,180,8,0.88,1,B,18.18,1,3FEC28F5C28F5C29,40322E147AE147AE,25453.0,0.720016
12,5400018080,181,29,0.96,1,,25.0,1,3FEEB851EB851EB8,4039000000000000,29625.0,0.72
12,5400018080,182,32,0.96,1,,25.0,1,3FEEB851EB851EB8,4039000000000000,27171.0,0.72
12,5400018080,183,59,0.96,1,,25.0,1,3FEEB851EB851EB8,4039000000000000,25977.0,0.72
12,5400018080,184,48,0.79,1,B,9.11,1,3FE947AE147AE148,40223851EB851EB8,27311.0,0.7180310000000001
12,5400018080,185,63,0.79,1,B,9.11,1,3FE947AE147AE148,40223851EB851EB8,28274.0,0.7180310000000001
12,5400018080,186,68,0.79,1,B,9.11,1,3FE947AE147AE148,40223851EB851EB8,27705.0,0.7180310000000001
12,5400018080,187,68,0.79,1,B,9.11,1,3FE947AE147AE148,40223851EB851EB8,27417.0,0.7180310000000001
12,5400018080,188,59,0.79,1,B,9.11,1,3FE947AE147AE148,40223851EB851EB8,28020.0,0.7180310000000001
12,5400018080,189,83,0.83,1,B,13.49,1,3FEA8F5C28F5C28F,402AFAE147AE147B,29413.0,0.7180329999999999
12,5400018080,190,58,0.96,1,,25.2,1,3FEEB851EB851EB8,4039333333333333,25968.0,0.7180799999999999
12,5400018080,191,44,0.85,1,,15.52,1,3FEB333333333333,402F0A3D70A3D70A,28752.0,0.7180799999999999
12,5400018080,192,53,0.79,1,B,9.11,1,3FE947AE147AE148,40223851EB851EB8,28885.0,0.7180310000000001
12,5400018080,193,80,0.79,1,B,9.11,1,3FE947AE147AE148,40223851EB851EB8,29090.0,0.7180310000000001
12,5400018080,194,97,0.79,1,B,9.11,1,3FE947AE147AE148,40223851EB851EB8,28367.0,0.7180310000000001
12,5400018080,195,485,0.74,1,S,4.32,1,3FE7AE147AE147AE,401147AE147AE148,27579.0,0.708032
12,5400018080,196,50,0.96,1,,33.22,1,3FEEB851EB851EB8,40409C28F5C28F5C,29007.0,0.6410879999999999
12,5400018080,197,36,0.93,1,,31.07,1,3FEDC28F5C28F5C3,403F11EB851EB852,30362.0,0.6410490000000001
12,5400018080,198,43,0.89,1,,18.08,1,3FEC7AE147AE147B,4032147AE147AE14,29889.0,0.7290880000000001
12,5400018080,199,470,0.66,1,S,-12.57,1,3FE51EB851EB851F,C02923D70A3D70A4,30403.0,0.742962
12,5400018080,200,39,0.82,1,,16.82,1,3FEA3D70A3D70A3D,4030D1EB851EB852,28949.0,0.6820759999999999
12,5400018080,201,63,0.79,1,B,9.11,1,3FE947AE147AE148,40223851EB851EB8,25836.0,0.7180310000000001
12,5400018080,202,43,0.81,1,B,9.75,1,3FE9EB851EB851EC,4023800000000000,29078.0,0.731025
12,5400018080,203,54,0.89,1,,17.75,1,3FEC7AE147AE147B,4031C00000000000,29423.0,0.732025
12,5400018080,204,312,0.75,1,S,2.4,1,3FE8000000000000,4003333333333333,29255.0,0.732
12,5400018080,205,38,0.86,1,,14.88,1,3FEB851EB851EB85,402DC28F5C28F5C3,30608.0,0.7320319999999999
12,5400018080,206,55,0.85,1,B,13.88,1,3FEB333333333333,402BC28F5C28F5C3,29358.0,0.73202
12,5400018080,207,63,0.85,1,B,13.88,1,3FEB333333333333,402BC28F5C28F5C3,29907.0,0.73202
12,5400018080,208,32,0.89,1,,17.75,1,3FEC7AE147AE147B,4031C00000000000,30033.0,0.732025
12,5400018080,209,36,0.84,1,B,12.85,1,3FEAE147AE147AE1,4029B33333333333,31034.0,0.7320599999999999
12,5400018080,210,221,0.75,1,S,2.4,1,3FE8000000000000,4003333333333333,28975.0,0.732
12,5400018080,211,0,0.0,1,,0.0,1,0000000000000000,0000000000000000,28667.0,0.0
12,5400018080,212,24,0.89,1,,17.75,1,3FEC7AE147AE147B,4031C00000000000,28356.0,0.732025
12,5400018080,213,23,0.89,1,,17.75,1,3FEC7AE147AE147B,4031C00000000000,29495.0,0.732025
12,5400018080,214,260,0.75,1,S,2.4,1,3FE8000000000000,4003333333333333,28242.0,0.732
12,5400018080,215,64,0.88,1,S,16.81,1,3FEC28F5C28F5C29,4030CF5C28F5C28F,28248.0,0.732072
12,5400018080,216,38,0.89,1,,17.75,1,3FEC7AE147AE147B,4031C00000000000,28967.0,0.732025
12,5400018080,217,42,0.89,1,,17.75,1,3FEC7AE147AE147B,4031C00000000000,21531.0,0.732025
12,5400018080,218,18,0.89,1,,17.75,1,3FEC7AE147AE147B,4031C00000000000,27717.0,0.732025
12,5400018080,219,0,0.0,1,,0.0,0,0000000000000000,0000000000000000,30329.0,0.0
12,5400018080,220,29,0.89,1,,17.86,1,3FEC7AE147AE147B,4031DC28F5C28F5C,26364.0,0.731046
12,5400018080,221,179,0.75,1,S,2.53,1,3FE8000000000000,40043D70A3D70A3D,28890.0,0.731025
12,5400018080,222,21,0.85,1,,14.0,1,3FEB333333333333,402C000000000000,27429.0,0.731
12,5400018080,223,34,0.83,1,B,11.92,1,3FEA8F5C28F5C28F,4027D70A3D70A3D7,28907.0,0.7310639999999999
12,5400018080,224,73,0.76,1,,3.81,1,3FE851EB851EB852,400E7AE147AE147B,22513.0,0.731044
12,5400018080,225,92,0.75,1,B,2.53,1,3FE8000000000000,40043D70A3D70A3D,28085.0,0.731025
12,5400018080,226,22,0.89,1,,17.86,1,3FEC7AE147AE147B,4031DC28F5C28F5C,27688.0,0.731046
12,5400018080,227,19,0.89,1,,17.86,1,3FEC7AE147AE147B,4031DC28F5C28F5C,24272.0,0.731046
12,5400018080,228,34,0.89,1,,17.52,1,3FEC7AE147AE147B,4031851EB851EB85,26900.0,0.734072
12,5400018080,229,142,0.79,1,S,6.83,1,3FE947AE147AE148,401B51EB851EB852,25327.0,0.736043
12,5400018080,230,22,0.88,1,S,16.25,1,3FEC28F5C28F5C29,4030400000000000,27133.0,0.737
12,5400018080,231,42,0.89,1,,17.19,1,3FEC7AE147AE147B,403130A3D70A3D71,26598.0,0.7370089999999999
12,5400018080,232,22,0.88,1,S,16.25,1,3FEC28F5C28F5C29,4030400000000000,27160.0,0.737
12,5400018080,233,42,0.89,1,,17.19,1,3FEC7AE147AE147B,403130A3D70A3D71,28090.0,0.7370089999999999
12,5400018080,234,41,0.89,1,,17.19,1,3FEC7AE147AE147B,403130A3D70A3D71,28490.0,0.7370089999999999
12,5400018080,235,32,0.89,1,,17.07,1,3FEC7AE147AE147B,403111EB851EB852,26902.0,0.7380770000000001
12,5400018080,236,28,0.89,1,,16.96,1,3FEC7AE147AE147B,4030F5C28F5C28F6,23977.0,0.739056
12,5400018080,237,24,0.89,1,,16.96,1,3FEC7AE147AE147B,4030F5C28F5C28F6,28135.0,0.739056
12,5400018080,238,28,0.89,1,,16.96,1,3FEC7AE147AE147B,4030F5C28F5C28F6,27079.0,0.739056
12,5400018080,239,20,0.89,1,,18.2,1,3FEC7AE147AE147B,4032333333333333,26821.0,0.7280200000000001
12,5400018080,240,232,0.66,1,S,4.54,1,3FE51EB851EB851F,401228F5C28F5C29,29802.0,0.630036
12,5400018080,241,20,0.89,1,,27.41,1,3FEC7AE147AE147B,403B68F5C28F5C29,27559.0,0.646051
12,5400018080,242,18,0.89,1,,16.85,1,3FEC7AE147AE147B,4030D9999999999A,27832.0,0.740035
12,5400018080,243,16,0.89,1,,16.85,1,3FEC7AE147AE147B,4030D9999999999A,23221.0,0.740035
12,5400018080,244,26,0.89,1,,16.85,1,3FEC7AE147AE147B,4030D9999999999A,29443.0,0.740035
12,5400018080,245,19,0.89,1,,16.85,1,3FEC7AE147AE147B,4030D9999999999A,27973.0,0.740035
12,5400018080,246,11,0.89,1,,16.85,1,3FEC7AE147AE147B,4030D9999999999A,29038.0,0.740035
12,5400018080,247,33,0.89,1,,16.85,1,3FEC7AE147AE147B,4030D9999999999A,28682.0,0.740035
12,5400018080,248,40,0.89,1,,17.52,1,3FEC7AE147AE147B,4031851EB851EB85,28728.0,0.734072
12,5400018080,249,277,0.75,1,,5.33,1,3FE8000000000000,401551EB851EB852,24517.0,0.710025
12,5400018080,250,20,0.89,1,,19.43,1,3FEC7AE147AE147B,40336E147AE147AE,28810.0,0.717073
12,5400018080,251,24,0.89,1,,16.85,1,3FEC7AE147AE147B,4030D9999999999A,29527.0,0.740035
12,5400018080,252,21,0.89,1,,18.53,1,3FEC7AE147AE147B,403287AE147AE148,28645.0,0.725083
12,5400018080,253,138,0.79,1,,10.12,1,3FE947AE147AE148,40243D70A3D70A3D,29483.0,0.710052
12,5400018080,254,16,0.89,1,,18.42,1,3FEC7AE147AE147B,40326B851EB851EC,28714.0,0.726062
12,5400018080,255,23,0.89,1,,19.1,1,3FEC7AE147AE147B,403319999999999A,29409.0,0.7200099999999999
12,5400018080,256,152,0.79,1,,20.25,1,3FE947AE147AE148,4034400000000000,28631.0,0.6300250000000001
12,5400018080,257,20,0.88,1,S,28.4,1,3FEC28F5C28F5C29,403C666666666666,24729.0,0.63008
12,5400018080,258,219,0.89,1,,20.44,1,3FEC7AE147AE147B,403470A3D70A3D71,24046.0,0.7080839999999999
12,5400018080,259,26,0.89,1,,16.85,1,3FEC7AE147AE147B,4030D9999999999A,15839.0,0.740035
12,5400018080,260,21,0.89,1,,16.85,1,3FEC7AE147AE147B,4030D9999999999A,29275.0,0.740035
12,5400018080,261,27,0.89,1,,16.85,1,3FEC7AE147AE147B,4030D9999999999A,29290.0,0.740035
12,5400018080,262,22,0.89,1,,16.85,1,3FEC7AE147AE147B,4030D9999999999A,28274.0,0.740035
12,5400018080,263,37,0.89,1,,16.85,1,3FEC7AE147AE147B,4030D9999999999A,27841.0,0.740035
12,5400018080,264,31,0.89,1,,16.85,1,3FEC7AE147AE147B,4030D9999999999A,28074.0,0.740035
12,5400018080,265,166,0.75,1,S,5.33,1,3FE8000000000000,401551EB851EB852,28949.0,0.710025
12,5400018080,266,22,0.89,1,,16.85,1,3FEC7AE147AE147B,4030D9999999999A,14976.0,0.740035
12,5400018080,267,37,0.89,1,,16.85,1,3FEC7AE147AE147B,4030D9999999999A,27800.0,0.740035
12,5400018080,268,31,0.89,1,,16.85,1,3FEC7AE147AE147B,4030D9999999999A,23887.0,0.740035
12,5400018080,269,166,0.75,1,S,5.33,1,3FE8000000000000,401551EB851EB852,20242.0,0.710025
12,5400018080,270,43,0.89,1,,19.91,1,3FEC7AE147AE147B,4033E8F5C28F5C29,23201.0,0.7128009999999999
12,5400018080,271,13,0.89,1,,16.85,1,3FEC7AE147AE147B,4030D9999999999A,29493.0,0.740035
12,5400018080,272,26,0.89,1,,21.13,1,3FEC7AE147AE147B,40352147AE147AE1,24350.0,0.701943
12,5400018080,273,31,0.75,1,S,16.0,1,3FE8000000000000,4030000000000000,26968.0,0.63
12,5400018080,274,12,0.89,1,,27.15,1,3FEC7AE147AE147B,403B266666666666,17985.0,0.6483650000000001
12,5400018080,275,13,0.89,1,,16.85,1,3FEC7AE147AE147B,4030D9999999999A,18304.0,0.740035
12,5400018080,276,15,0.89,1,,16.85,1,3FEC7AE147AE147B,4030D9999999999A,22978.0,0.740035
12,5400018080,277,9,0.89,1,,22.34,1,3FEC7AE147AE147B,4036570A3D70A3D7,25941.0,0.691174
12,5400018080,280,47,0.89,1,,16.85,1,3FEC7AE147AE147B,4030D9999999999A,25499.0,0.740035
12,5400018080,281,30,0.89,1,,16.85,1,3FEC7AE147AE147B,4030D9999999999A,26007.0,0.740035
12,5400018080,282,71,0.89,1,,16.85,1,3FEC7AE147AE147B,4030D9999999999A,24637.0,0.740035
12,5400018080,283,38,0.89,1,,18.09,1,3FEC7AE147AE147B,4032170A3D70A3D7,27123.0,0.728999
12,5400018080,284,21,0.9,1,,17.9,1,3FECCCCCCCCCCCCD,4031E66666666666,19328.0,0.7389
12,5400018080,285,27,0.93,1,,22.42,1,3FEDC28F5C28F5C3,40366B851EB851EC,22414.0,0.7214940000000001
12,5400018080,286,203,0.75,1,S,8.0,1,3FE8000000000000,4020000000000000,25785.0,0.6900000000000001
12,5400018080,287,40,0.92,1,S,21.97,1,3FED70A3D70A3D71,4035F851EB851EB8,27410.0,0.7178760000000001
12,5400018080,288,21,0.93,1,,20.21,1,3FEDC28F5C28F5C3,403435C28F5C28F6,26272.0,0.7420470000000001
12,5400018080,289,24,0.93,1,,20.21,1,3FEDC28F5C28F5C3,403435C28F5C28F6,26019.0,0.7420470000000001
12,5400018080,290,22,0.93,1,,20.21,1,3FEDC28F5C28F5C3,403435C28F5C28F6,26028.0,0.7420470000000001
12,5400018080,291,25,0.93,1,,20.21,1,3FEDC28F5C28F5C3,403435C28F5C28F6,18740.0,0.7420470000000001
12,5400018080,292,26,0.93,1,,19.81,1,3FEDC28F5C28F5C3,4033CF5C28F5C28F,22476.0,0.7457670000000001
12,5400018080,293,27,0.93,1,,20.68,1,3FEDC28F5C28F5C3,4034AE147AE147AE,25884.0,0.737676
12,5400018080,294,94,0.89,1,S,20.33,1,3FEC7AE147AE147B,4034547AE147AE14,26801.0,0.709063
12,5400018080,295,21,0.93,1,,21.45,1,3FEDC28F5C28F5C3,4035733333333333,26052.0,0.730515
12,5400018080,296,22,0.93,1,,18.38,1,3FEDC28F5C28F5C3,40326147AE147AE1,27930.0,0.759066
12,5400018080,297,24,0.93,1,,18.38,1,3FEDC28F5C28F5C3,40326147AE147AE1,27084.0,0.759066
12,5400018080,298,15,0.93,1,,18.38,1,3FEDC28F5C28F5C3,40326147AE147AE1,26726.0,0.759066
12,5400018080,299,27,0.93,1,,18.38,1,3FEDC28F5C28F5C3,40326147AE147AE1,23960.0,0.759066
12,5400018080,300,35,0.93,1,,18.38,1,3FEDC28F5C28F5C3,40326147AE147AE1,24299.0,0.759066
12,5400018080,301,40,0.93,1,,18.38,1,3FEDC28F5C28F5C3,40326147AE147AE1,28282.0,0.759066
12,5400018080,302,5,0.93,1,,18.38,1,3FEDC28F5C28F5C3,40326147AE147AE1,27600.0,0.759066
12,5400018080,303,6,0.93,1,,18.38,1,3FEDC28F5C28F5C3,40326147AE147AE1,28706.0,0.759066
12,5400018080,304,1,0.93,1,,18.38,1,3FEDC28F5C28F5C3,40326147AE147AE1,27746.0,0.759066
12,5400018080,305,2,0.59,1,,-28.64,1,3FE2E147AE147AE1,C03CA3D70A3D70A4,29051.0,0.758976
12,5400018080,306,0,0.0,1,,0.0,1,0000000000000000,0000000000000000,27239.0,0.0
12,5400018080,307,1,0.59,1,,-28.64,1,3FE2E147AE147AE1,C03CA3D70A3D70A4,27705.0,0.758976
12,5400018080,308,0,0.0,1,,0.0,1,0000000000000000,0000000000000000,22295.0,0.0
12,5400018080,309,1,0.59,1,,-28.64,1,3FE2E147AE147AE1,C03CA3D70A3D70A4,24243.0,0.758976
12,5400018080,310,0,0.0,1,,0.0,1,0000000000000000,0000000000000000,24816.0,0.0
12,5400018080,311,0,0.0,1,,0.0,1,0000000000000000,0000000000000000,28733.0,0.0
12,5400018080,312,0,0.0,1,,0.0,1,0000000000000000,0000000000000000,28827.0,0.0
12,5400018080,313,0,0.0,1,,0.0,1,0000000000000000,0000000000000000,28527.0,0.0
12,5400018080,314,0,0.0,1,,0.0,1,0000000000000000,0000000000000000,26688.0,0.0
12,5400018080,315,0,0.0,1,,0.0,1,0000000000000000,0000000000000000,27233.0,0.0
12,5400018080,316,0,0.0,1,,0.0,1,0000000000000000,0000000000000000,27814.0,0.0
12,5400018080,317,0,0.0,1,,0.0,1,0000000000000000,0000000000000000,27388.0,0.0
12,5400018080,318,0,0.0,1,,0.0,1,0000000000000000,0000000000000000,27342.0,0.0
12,5400018080,319,0,0.0,1,,0.0,1,0000000000000000,0000000000000000,24380.0,0.0
12,5400018080,320,0,0.0,1,,0.0,1,0000000000000000,0000000000000000,27464.0,0.0
12,5400018080,321,0,0.0,1,,0.0,1,0000000000000000,0000000000000000,26548.0,0.0
12,5400018080,322,0,0.0,1,,0.0,1,0000000000000000,0000000000000000,26809.0,0.0
12,5400018080,323,0,0.0,1,,0.0,1,0000000000000000,0000000000000000,25523.0,0.0
12,5400018080,324,0,0.0,1,,0.0,1,0000000000000000,0000000000000000,24541.0,0.0
12,5400018080,325,0,0.0,1,,0.0,1,0000000000000000,0000000000000000,27897.0,0.0
12,5400018080,326,0,0.0,1,,0.0,1,0000000000000000,0000000000000000,24672.0,0.0
12,5400018080,327,0,0.0,1,,0.0,1,0000000000000000,0000000000000000,25708.0,0.0
12,5400018080,328,0,0.0,1,,0.0,1,0000000000000000,0000000000000000,22954.0,0.0
12,5400018080,329,0,0.0,1,,0.0,1,0000000000000000,0000000000000000,25602.0,0.0
12,5400018080,330,0,0.0,1,,0.0,1,0000000000000000,0000000000000000,25568.0,0.0
12,5400018080,331,0,0.0,1,,0.0,1,0000000000000000,0000000000000000,24352.0,0.0
12,5400018080,332,0,0.0,1,,0.0,1,0000000000000000,0000000000000000,22142.0,0.0
12,5400018080,333,0,0.0,1,,0.0,1,0000000000000000,0000000000000000,24245.0,0.0
12,5400018080,334,0,0.0,1,,0.0,1,0000000000000000,0000000000000000,23953.0,0.0
12,5400018080,335,0,0.0,1,,0.0,1,0000000000000000,0000000000000000,27885.0,0.0
12,5400018080,336,0,0.0,1,,0.0,1,0000000000000000,0000000000000000,27357.0,0.0
12,5400018080,337,0,0.0,1,,0.0,1,0000000000000000,0000000000000000,21417.0,0.0
12,5400018080,338,0,0.0,1,,0.0,1,0000000000000000,0000000000000000,24474.0,0.0
12,5400018080,339,0,0.0,1,,0.0,1,0000000000000000,0000000000000000,26475.0,0.0
12,5400018080,344,0,0.0,1,,0.0,1,0000000000000000,0000000000000000,22393.0,0.0
12,5400018080,345,0,0.0,1,,0.0,1,0000000000000000,0000000000000000,25316.0,0.0
12,5400018080,346,0,0.0,1,,0.0,1,0000000000000000,0000000000000000,25041.0,0.0
12,5400018080,347,0,0.0,1,,0.0,1,0000000000000000,0000000000000000,26438.0,0.0
12,5400018080,348,0,0.0,1,,0.0,1,0000000000000000,0000000000000000,26494.0,0.0
12,5400018080,349,0,0.0,1,,0.0,1,0000000000000000,0000000000000000,26151.0,0.0
12,5400018080,350,0,0.0,1,,0.0,1,0000000000000000,0000000000000000,25960.0,0.0
12,5400018080,351,0,0.0,1,,0.0,1,0000000000000000,0000000000000000,26856.0,0.0
12,5400018080,352,0,0.0,1,,0.0,1,0000000000000000,0000000000000000,25818.0,0.0
12,5400018080,353,0,0.0,1,,0.0,1,0000000000000000,0000000000000000,26354.0,0.0
12,5400018080,354,0,0.0,1,,0.0,1,0000000000000000,0000000000000000,25804.0,0.0
12,5400018080,355,0,0.0,1,,0.0,1,0000000000000000,0000000000000000,28252.0,0.0
12,5400018080,358,0,0.0,1,,0.0,1,0000000000000000,0000000000000000,26814.0,0.0
12,5400018080,359,1,0.59,1,,-28.64,1,3FE2E147AE147AE1,C03CA3D70A3D70A4,26323.0,0.758976
12,5400018080,360,0,0.0,1,,0.0,1,0000000000000000,0000000000000000,26823.0,0.0
12,5400018080,361,1,0.59,1,,-28.64,1,3FE2E147AE147AE1,C03CA3D70A3D70A4,26372.0,0.758976
12,5400018080,362,0,0.0,1,,0.0,1,0000000000000000,0000000000000000,26137.0,0.0
12,5400018080,363,0,0.0,1,,0.0,1,0000000000000000,0000000000000000,27522.0,0.0
12,5400018080,364,0,0.0,1,,0.0,1,0000000000000000,0000000000000000,28465.0,0.0
12,5400018080,365,0,0.0,1,,0.0,1,0000000000000000,0000000000000000,27621.0,0.0
12,5400018080,366,0,0.0,1,,0.0,1,0000000000000000,0000000000000000,26912.0,0.0
12,5400018080,367,0,0.0,1,,0.0,1,0000000000000000,0000000000000000,26680.0,0.0
12,5400018080,368,0,0.0,1,,0.0,1,0000000000000000,0000000000000000,27354.0,0.0
12,5400018080,369,0,0.0,1,,0.0,1,0000000000000000,0000000000000000,26083.0,0.0
123,5400018080,1,91,0.87,1,,12.76,1,3FEBD70A3D70A3D7,4029851EB851EB85,25320.0,0.7589880000000001
123,5400018080,2,534,0.79,1,B,1.14,1,3FE947AE147AE148,3FF23D70A3D70A3D,26106.8,0.7809940000000001
123,5400018080,3,69,0.79,1,B,16.08,1,3FE947AE147AE148,4030147AE147AE14,24802.0,0.6629680000000001
123,5400018080,4,71,0.79,1,B,16.08,1,3FE947AE147AE148,4030147AE147AE14,26147.0,0.6629680000000001
123,5400018080,5,25,0.87,1,,10.34,1,3FEBD70A3D70A3D7,4024AE147AE147AE,25671.0,0.780042
123,5400018080,6,0,0.0,1,,0.0,0,0000000000000000,0000000000000000,25125.0,0.0
123,5400018080,7,72,0.87,1,,8.97,0,3FEBD70A3D70A3D7,4021F0A3D70A3D71,26301.0,0.791961
123,5400018080,8,0,0.0,1,,0.0,0,0000000000000000,0000000000000000,24750.0,0.0
123,5400018080,9,361,0.79,1,B,3.92,0,3FE947AE147AE148,400F5C28F5C28F5C,24554.0,0.759032
123,5400018080,10,42,0.87,1,,10.11,0,3FEBD70A3D70A3D7,40243851EB851EB8,28828.0,0.782043
123,5400018080,11,30,0.87,1,,9.2,0,3FEBD70A3D70A3D7,4022666666666666,23802.0,0.78996
123,5400018080,12,0,0.0,1,,0.0,0,0000000000000000,0000000000000000,24979.0,0.0
123,5400018080,13,85,0.87,1,,8.16,0,3FEBD70A3D70A3D7,402051EB851EB852,24685.0,0.7990079999999999
123,5400018080,14,29,0.87,1,,8.16,1,3FEBD70A3D70A3D7,402051EB851EB852,27310.0,0.7990079999999999
123,5400018080,15,32,0.84,1,B,5.83,1,3FEAE147AE147AE1,401751EB851EB852,24111.0,0.791028
123,5400018080,16,128,0.84,1,B,19.17,1,3FEAE147AE147AE1,40332B851EB851EC,24627.0,0.678972
123,5400018080,17,51,0.84,1,B,16.31,1,3FEAE147AE147AE1,40304F5C28F5C28F,23665.0,0.702996
123,5400018080,18,20,0.87,1,,14.02,1,3FEBD70A3D70A3D7,402C0A3D70A3D70A,25202.0,0.748026
123,5400018080,19,33,0.87,1,,12.18,1,3FEBD70A3D70A3D7,40285C28F5C28F5C,24685.0,0.764034
123,5400018080,20,77,0.83,1,,11.57,1,3FEA8F5C28F5C28F,402723D70A3D70A4,26730.0,0.733969
123,5400018080,21,346,0.79,1,,8.23,1,3FE947AE147AE148,402075C28F5C28F6,26210.0,0.724983
123,5400018080,22,202,0.83,1,,12.65,1,3FEA8F5C28F5C28F,40294CCCCCCCCCCD,26413.0,0.7250049999999999
123,5400018080,23,34,0.87,1,,16.67,1,3FEBD70A3D70A3D7,4030AB851EB851EC,26558.0,0.7249709999999999
123,5400018080,24,55,0.87,1,,16.67,1,3FEBD70A3D70A3D7,4030AB851EB851EC,24547.0,0.7249709999999999
123,5400018080,25,151,0.79,1,B,8.23,1,3FE947AE147AE148,402075C28F5C28F6,25153.0,0.724983
123,5400018080,26,65,0.79,1,B,8.23,1,3FE947AE147AE148,402075C28F5C28F6,25903.0,0.724983
123,5400018080,27,61,0.79,1,B,8.23,1,3FE947AE147AE148,402075C28F5C28F6,26868.0,0.724983
123,5400018080,28,30,0.87,1,,16.67,1,3FEBD70A3D70A3D7,4030AB851EB851EC,26088.0,0.7249709999999999
123,5400018080,29,40,0.87,1,,16.67,1,3FEBD70A3D70A3D7,4030AB851EB851EC,26003.0,0.7249709999999999
123,5400018080,30,50,0.87,1,,16.67,1,3FEBD70A3D70A3D7,4030AB851EB851EC,28271.0,0.7249709999999999
123,5400018080,31,114,0.79,1,B,8.23,1,3FE947AE147AE148,402075C28F5C28F6,28051.0,0.724983
123,5400018080,32,25,0.79,1,B,8.23,1,3FE947AE147AE148,402075C28F5C28F6,25435.0,0.724983
123,5400018080,33,19,0.87,1,,8.05,1,3FEBD70A3D70A3D7,402019999999999A,27093.0,0.799965
123,5400018080,34,9,0.87,1,,8.05,1,3FEBD70A3D70A3D7,402019999999999A,26695.0,0.799965
123,5400018080,35,43,0.87,1,,14.02,1,3FEBD70A3D70A3D7,402C0A3D70A3D70A,29215.0,0.748026
123,5400018080,36,173,0.79,1,,8.23,1,3FE947AE147AE148,402075C28F5C28F6,27816.0,0.724983
123,5400018080,37,43,0.87,1,,13.56,1,3FEBD70A3D70A3D7,402B1EB851EB851F,28517.0,0.752028
123,5400018080,38,252,0.87,1,,12.99,1,3FEBD70A3D70A3D7,4029FAE147AE147B,28729.0,0.756987
123,5400018080,39,85,0.87,1,,12.99,1,3FEBD70A3D70A3D7,4029FAE147AE147B,28734.0,0.756987
123,5400018080,40,107,0.79,1,B,4.94,1,3FE947AE147AE148,4013C28F5C28F5C3,29307.0,0.750974
123,5400018080,41,84,0.79,1,,4.94,1,3FE947AE147AE148,4013C28F5C28F5C3,28851.0,0.750974
123,5400018080,42,50,0.96,1,,21.77,1,3FEEB851EB851EB8,4035C51EB851EB85,33654.0,0.751008
123,5400018080,43,31,0.96,1,,21.77,1,3FEEB851EB851EB8,4035C51EB851EB85,28765.0,0.751008
123,5400018080,44,38,0.96,1,,23.75,1,3FEEB851EB851EB8,4037C00000000000,28111.0,0.732
123,5400018080,45,283,0.79,1,B,8.1,1,3FE947AE147AE148,4020333333333333,28902.0,0.72601
123,5400018080,46,52,0.79,1,B,8.23,1,3FE947AE147AE148,402075C28F5C28F6,28390.0,0.724983
123,5400018080,47,94,0.96,1,,24.48,1,3FEEB851EB851EB8,40387AE147AE147B,28389.0,0.724992
123,5400018080,48,179,0.96,1,,24.48,1,3FEEB851EB851EB8,40387AE147AE147B,27704.0,0.724992
123,5400018080,49,79,0.96,1,,24.48,1,3FEEB851EB851EB8,40387AE147AE147B,27569.0,0.724992
123,5400018080,50,418,0.79,1,,8.23,1,3FE947AE147AE148,402075C28F5C28F6,28351.0,0.724983
123,5400018080,51,36,0.96,1,,24.48,1,3FEEB851EB851EB8,40387AE147AE147B,30070.0,0.724992
123,5400018080,52,16,0.96,1,,23.65,1,3FEEB851EB851EB8,4037A66666666666,26931.0,0.7329600000000001
123,5400018080,53,74,0.96,1,,20.21,1,3FEEB851EB851EB8,403435C28F5C28F6,26419.0,0.765984
123,5400018080,54,331,0.79,1,B,12.66,1,3FE947AE147AE148,402951EB851EB852,27583.0,0.689986
123,5400018080,55,116,0.79,1,B,13.54,1,3FE947AE147AE148,402B147AE147AE14,28405.0,0.683034
123,5400018080,56,31,0.79,1,B,16.58,1,3FE947AE147AE148,4030947AE147AE14,26876.0,0.6590180000000001
123,5400018080,57,21,0.96,1,,31.35,1,3FEEB851EB851EB8,403F59999999999A,27676.0,0.65904
123,5400018080,58,30,0.96,1,,31.35,1,3FEEB851EB851EB8,403F59999999999A,27186.0,0.65904
123,5400018080,59,18,0.96,1,,20.21,1,3FEEB851EB851EB8,403435C28F5C28F6,29630.0,0.765984
123,5400018080,60,27,0.96,1,,16.98,1,3FEEB851EB851EB8,4030FAE147AE147B,26033.0,0.796992
123,5400018080,61,20,0.96,1,,16.77,1,3FEEB851EB851EB8,4030C51EB851EB85,25488.0,0.799008
123,5400018080,62,9,0.96,1,,16.67,0,3FEEB851EB851EB8,4030AB851EB851EC,31144.0,0.7999679999999999
123,5400018080,63,19,0.96,1,,16.67,1,3FEEB851EB851EB8,4030AB851EB851EC,25454.0,0.7999679999999999
123,5400018080,64,36,0.96,1,,29.27,1,3FEEB851EB851EB8,403D451EB851EB85,30874.0,0.6790080000000001
123,5400018080,65,216,0.79,1,B,15.32,1,3FE947AE147AE148,402EA3D70A3D70A4,28564.0,0.668972
123,5400018080,66,47,0.79,1,B,15.44,1,3FE947AE147AE148,402EE147AE147AE1,28938.0,0.6680240000000001
123,5400018080,67,46,0.96,1,,30.42,1,3FEEB851EB851EB8,403E6B851EB851EC,25438.0,0.6679679999999999
123,5400018080,68,36,0.96,1,,30.42,1,3FEEB851EB851EB8,403E6B851EB851EC,25870.0,0.6679679999999999
123,5400018080,69,20,0.96,1,,30.42,1,3FEEB851EB851EB8,403E6B851EB851EC,28108.0,0.6679679999999999
123,5400018080,70,17,0.96,1,,30.42,1,3FEEB851EB851EB8,403E6B851EB851EC,25696.0,0.6679679999999999
123,5400018080,71,28,0.96,1,,30.42,1,3FEEB851EB851EB8,403E6B851EB851EC,25871.0,0.6679679999999999
123,5400018080,72,28,0.96,1,,27.6,1,3FEEB851EB851EB8,403B99999999999A,25276.0,0.69504
123,5400018080,73,26,0.96,1,,20.42,1,3FEEB851EB851EB8,40346B851EB851EC,31169.0,0.763968
123,5400018080,74,25,0.96,1,,17.81,1,3FEEB851EB851EB8,4031CF5C28F5C28F,26668.0,0.7890240000000001
123,5400018080,75,17,0.96,1,,17.29,1,3FEEB851EB851EB8,40314A3D70A3D70A,26042.0,0.7940159999999999
123,5400018080,76,70,0.96,1,B,16.98,1,3FEEB851EB851EB8,4030FAE147AE147B,26174.0,0.796992
123,5400018080,77,466,0.79,1,B,14.05,1,3FE947AE147AE148,402C19999999999A,28232.0,0.679005
123,5400018080,78,85,0.79,1,B,14.56,1,3FE947AE147AE148,402D1EB851EB851F,24777.0,0.674976
123,5400018080,79,52,0.83,1,B,18.67,1,3FEA8F5C28F5C28F,4032AB851EB851EC,29737.0,0.675039
123,5400018080,80,17,0.96,1,,29.69,1,3FEEB851EB851EB8,403DB0A3D70A3D71,27960.0,0.674976
123,5400018080,81,30,0.96,1,,19.38,1,3FEEB851EB851EB8,40336147AE147AE1,28922.0,0.773952
123,5400018080,82,72,0.84,1,B,10.0,1,3FEAE147AE147AE1,4024000000000000,26658.0,0.756
123,5400018080,83,50,0.84,1,B,18.69,1,3FEAE147AE147AE1,4032B0A3D70A3D71,26849.0,0.683004
123,5400018080,84,25,0.96,1,,25.1,1,3FEEB851EB851EB8,403919999999999A,26409.0,0.71904
123,5400018080,85,27,0.96,1,,17.19,1,3FEEB851EB851EB8,403130A3D70A3D71,26255.0,0.7949759999999999
123,5400018080,86,8,0.96,1,,16.88,1,3FEEB851EB851EB8,4030E147AE147AE1,29368.0,0.797952
123,5400018080,87,33,0.96,1,,16.88,1,3FEEB851EB851EB8,4030E147AE147AE1,29343.0,0.797952
123,5400018080,88,86,0.96,1,,28.85,1,3FEEB851EB851EB8,403CD9999999999A,27435.0,0.68304
123,5400018080,89,516,0.79,1,B,13.54,1,3FE947AE147AE148,402B147AE147AE14,30227.0,0.683034
123,5400018080,90,68,0.79,1,B,13.54,1,3FE947AE147AE148,402B147AE147AE14,29312.0,0.683034
123,5400018080,91,11,0.96,1,S,28.85,1,3FEEB851EB851EB8,403CD9999999999A,28114.0,0.68304
123,5400018080,92,25,0.96,1,,28.85,1,3FEEB851EB851EB8,403CD9999999999A,28340.0,0.68304
123,5400018080,93,21,0.96,1,,22.6,1,3FEEB851EB851EB8,403699999999999A,27880.0,0.74304
123,5400018080,94,14,0.96,1,,22.6,1,3FEEB851EB851EB8,403699999999999A,29824.0,0.74304
123,5400018080,95,41,0.96,1,,20.21,1,3FEEB851EB851EB8,403435C28F5C28F6,28560.0,0.765984
123,5400018080,96,18,0.96,1,,20.21,1,3FEEB851EB851EB8,403435C28F5C28F6,28497.0,0.765984
123,5400018080,97,145,0.79,1,,13.04,1,3FE947AE147AE148,402A147AE147AE14,28409.0,0.686984
123,5400018080,98,26,0.96,1,,28.54,1,3FEEB851EB851EB8,403C8A3D70A3D70A,29099.0,0.686016
123,5400018080,99,23,0.96,1,,28.54,1,3FEEB851EB851EB8,403C8A3D70A3D70A,29533.0,0.686016
123,5400018080,100,33,0.96,1,,28.54,1,3FEEB851EB851EB8,403C8A3D70A3D70A,27333.0,0.686016
123,5400018080,101,21,0.96,1,,28.54,1,3FEEB851EB851EB8,403C8A3D70A3D70A,28069.0,0.686016
123,5400018080,102,47,0.96,1,,28.54,1,3FEEB851EB851EB8,403C8A3D70A3D70A,28600.0,0.686016
123,5400018080,103,392,0.79,1,B,15.19,1,3FE947AE147AE148,402E6147AE147AE1,29380.0,0.669999
123,5400018080,104,15,0.96,1,,30.21,1,3FEEB851EB851EB8,403E35C28F5C28F6,28580.0,0.6699839999999999
123,5400018080,105,21,0.96,1,,30.21,1,3FEEB851EB851EB8,403E35C28F5C28F6,30115.0,0.6699839999999999
123,5400018080,106,25,0.9,1,,25.55,1,3FECCCCCCCCCCCCD,40398CCCCCCCCCCD,28776.0,0.6700499999999999
123,5400018080,107,78,0.87,1,B,22.98,1,3FEBD70A3D70A3D7,4036FAE147AE147B,26772.0,0.670074
123,5400018080,108,47,0.87,1,B,21.95,1,3FEBD70A3D70A3D7,4035F33333333333,27789.0,0.6790349999999999
123,5400018080,109,297,0.79,1,S,10.25,1,3FE947AE147AE148,4024800000000000,27332.0,0.709025
123,5400018080,110,59,0.87,1,,18.5,1,3FEBD70A3D70A3D7,4032800000000000,30762.0,0.70905
123,5400018080,111,75,0.87,1,,18.5,1,3FEBD70A3D70A3D7,4032800000000000,29191.0,0.70905
123,5400018080,112,63,0.87,1,,18.5,1,3FEBD70A3D70A3D7,4032800000000000,26666.0,0.70905
123,5400018080,113,55,0.87,1,,18.5,1,3FEBD70A3D70A3D7,4032800000000000,27555.0,0.70905
123,5400018080,114,65,0.87,1,,18.5,1,3FEBD70A3D70A3D7,4032800000000000,27008.0,0.70905
123,5400018080,115,40,0.87,1,,18.5,1,3FEBD70A3D70A3D7,4032800000000000,32760.0,0.70905
123,5400018080,116,49,0.87,1,,18.5,1,3FEBD70A3D70A3D7,4032800000000000,24766.0,0.70905
123,5400018080,117,47,0.87,1,,18.39,1,3FEBD70A3D70A3D7,403263D70A3D70A4,27150.0,0.710007
123,5400018080,118,41,0.87,1,,18.39,1,3FEBD70A3D70A3D7,403263D70A3D70A4,27132.0,0.710007
123,5400018080,119,97,0.79,1,B,10.12,1,3FE947AE147AE148,40243D70A3D70A3D,26166.0,0.710052
123,5400018080,120,28,0.96,1,,26.04,1,3FEEB851EB851EB8,403A0A3D70A3D70A,26773.0,0.710016
123,5400018080,121,19,0.96,1,,25.31,1,3FEEB851EB851EB8,40394F5C28F5C28F,27359.0,0.717024
123,5400018080,122,329,0.79,1,S,9.24,1,3FE947AE147AE148,40227AE147AE147B,25559.0,0.717004
123,5400018080,123,32,0.91,1,,21.2,1,3FED1EB851EB851F,4035333333333333,26800.0,0.71708
123,5400018080,124,77,0.89,1,B,19.43,1,3FEC7AE147AE147B,40336E147AE147AE,28529.0,0.717073
123,5400018080,125,30,0.89,1,B,19.43,1,3FEC7AE147AE147B,40336E147AE147AE,25744.0,0.717073
123,5400018080,126,27,0.89,1,B,19.43,1,3FEC7AE147AE147B,40336E147AE147AE,25557.0,0.717073
123,5400018080,127,29,0.89,1,B,19.55,1,3FEC7AE147AE147B,40338CCCCCCCCCCD,29494.0,0.716005
123,5400018080,128,31,0.89,1,B,19.55,1,3FEC7AE147AE147B,40338CCCCCCCCCCD,26016.0,0.716005
123,5400018080,129,48,0.89,1,B,19.43,1,3FEC7AE147AE147B,40336E147AE147AE,25738.0,0.717073
123,5400018080,130,69,0.89,1,B,19.43,1,3FEC7AE147AE147B,40336E147AE147AE,28595.0,0.717073
123,5400018080,131,42,0.89,1,B,19.32,1,3FEC7AE147AE147B,403351EB851EB852,26268.0,0.718052
123,5400018080,132,33,0.91,1,B,20.98,1,3FED1EB851EB851F,4034FAE147AE147B,26699.0,0.719082
123,5400018080,133,41,0.72,1,B,0.41,1,3FE70A3D70A3D70A,3FDA3D70A3D70A3D,27660.0,0.717048
123,5400018080,134,36,0.76,1,B,5.78,1,3FE851EB851EB852,40171EB851EB851F,25605.0,0.716072
123,5400018080,135,32,0.87,1,B,17.7,1,3FEBD70A3D70A3D7,4031B33333333333,28001.0,0.7160099999999999
123,5400018080,136,50,0.87,1,B,17.7,1,3FEBD70A3D70A3D7,4031B33333333333,28296.0,0.7160099999999999
123,5400018080,137,31,0.87,1,B,17.7,1,3FEBD70A3D70A3D7,4031B33333333333,25426.0,0.7160099999999999
123,5400018080,138,24,0.87,1,B,17.93,1,3FEBD70A3D70A3D7,4031EE147AE147AE,25832.0,0.714009
123,5400018080,139,47,0.87,1,B,18.39,1,3FEBD70A3D70A3D7,403263D70A3D70A4,28432.0,0.710007
123,5400018080,140,178,0.75,1,S,5.33,1,3FE8000000000000,401551EB851EB852,31581.0,0.710025
123,5400018080,141,53,0.87,1,,18.39,1,3FEBD70A3D70A3D7,403263D70A3D70A4,29027.0,0.710007
123,5400018080,142,72,0.87,1,,18.39,1,3FEBD70A3D70A3D7,403263D70A3D70A4,32508.0,0.710007
123,5400018080,143,68,0.87,1,,18.39,1,3FEBD70A3D70A3D7,403263D70A3D70A4,26725.0,0.710007
123,5400018080,144,47,0.87,1,,18.39,1,3FEBD70A3D70A3D7,403263D70A3D70A4,27504.0,0.710007
123,5400018080,145,30,0.87,1,,18.39,1,3FEBD70A3D70A3D7,403263D70A3D70A4,28557.0,0.710007
123,5400018080,146,74,0.85,1,,16.47,1,3FEB333333333333,40307851EB851EB8,26891.0,0.710005
123,5400018080,147,63,0.79,1,B,10.12,1,3FE947AE147AE148,40243D70A3D70A3D,29928.0,0.710052
123,5400018080,148,63,0.79,1,B,10.12,1,3FE947AE147AE148,40243D70A3D70A3D,27458.0,0.710052
123,5400018080,149,187,0.79,1,B,10.12,1,3FE947AE147AE148,40243D70A3D70A3D,26554.0,0.710052
123,5400018080,150,45,0.79,1,B,10.12,1,3FE947AE147AE148,40243D70A3D70A3D,29075.0,0.710052
123,5400018080,151,73,0.79,1,B,10.12,1,3FE947AE147AE148,40243D70A3D70A3D,26637.0,0.710052
123,5400018080,152,73,0.79,1,B,10.12,1,3FE947AE147AE148,40243D70A3D70A3D,27618.0,0.710052
123,5400018080,153,67,0.79,1,B,10.12,1,3FE947AE147AE148,40243D70A3D70A3D,28213.0,0.710052
123,5400018080,154,65,0.79,1,B,10.12,1,3FE947AE147AE148,40243D70A3D70A3D,26254.0,0.710052
123,5400018080,155,71,0.79,1,B,10.12,1,3FE947AE147AE148,40243D70A3D70A3D,26393.0,0.710052
123,5400018080,156,101,0.79,1,B,10.12,1,3FE947AE147AE148,40243D70A3D70A3D,27352.0,0.710052
123,5400018080,157,64,0.79,1,B,10.12,1,3FE947AE147AE148,40243D70A3D70A3D,25397.0,0.710052
123,5400018080,158,85,0.79,1,B,10.12,1,3FE947AE147AE148,40243D70A3D70A3D,27163.0,0.710052
123,5400018080,159,65,0.79,1,B,10.12,1,3FE947AE147AE148,40243D70A3D70A3D,27377.0,0.710052
123,5400018080,160,300,0.75,1,B,5.33,1,3FE8000000000000,401551EB851EB852,27968.0,0.710025
123,5400018080,161,25,0.9,1,B,21.11,1,3FECCCCCCCCCCCCD,40351C28F5C28F5C,26962.0,0.71001
123,5400018080,162,75,0.79,1,B,10.12,1,3FE947AE147AE148,40243D70A3D70A3D,29817.0,0.710052
123,5400018080,163,56,0.79,1,B,10.12,1,3FE947AE147AE148,40243D70A3D70A3D,27145.0,0.710052
123,5400018080,164,43,0.79,1,B,10.12,1,3FE947AE147AE148,40243D70A3D70A3D,26253.0,0.710052
123,5400018080,165,65,0.79,1,B,10.12,1,3FE947AE147AE148,40243D70A3D70A3D,26356.0,0.710052
123,5400018080,166,59,0.79,1,B,10.12,1,3FE947AE147AE148,40243D70A3D70A3D,25009.0,0.710052
123,5400018080,167,249,0.75,1,S,5.33,1,3FE8000000000000,401551EB851EB852,29679.0,0.710025
123,5400018080,168,95,0.77,1,S,7.79,1,3FE8A3D70A3D70A4,401F28F5C28F5C29,24047.0,0.710017
123,5400018080,169,68,0.79,1,,10.12,1,3FE947AE147AE148,40243D70A3D70A3D,27178.0,0.710052
123,5400018080,170,52,0.79,1,,10.12,1,3FE947AE147AE148,40243D70A3D70A3D,23141.0,0.710052
123,5400018080,171,48,0.79,1,,10.12,1,3FE947AE147AE148,40243D70A3D70A3D,25365.0,0.710052
123,5400018080,172,389,0.75,1,,5.33,1,3FE8000000000000,401551EB851EB852,20303.0,0.710025
123,5400018080,173,227,0.79,1,B,10.12,1,3FE947AE147AE148,40243D70A3D70A3D,22120.0,0.710052
123,5400018080,174,67,0.93,1,,23.65,1,3FEDC28F5C28F5C3,4037A66666666666,23625.0,0.7100550000000001
123,5400018080,175,120,0.88,1,B,18.97,1,3FEC28F5C28F5C29,4032F851EB851EB8,22890.0,0.713064
123,5400018080,176,34,0.88,1,B,18.52,1,3FEC28F5C28F5C29,4032851EB851EB85,25360.0,0.717024
123,5400018080,177,39,0.88,1,B,18.29,1,3FEC28F5C28F5C29,40324A3D70A3D70A,23274.0,0.719048
123,5400018080,178,18,0.88,1,B,18.18,1,3FEC28F5C28F5C29,40322E147AE147AE,22873.0,0.720016
123,5400018080,179,27,0.88,1,B,18.18,1,3FEC28F5C28F5C29,40322E147AE147AE,25135.0,0.720016
123,5400018080,180,18,0.88,1,B,18.18,1,3FEC28F5C28F5C29,40322E147AE147AE,22059.0,0.720016
123,5400018080,181,12,0.96,1,,25.0,1,3FEEB851EB851EB8,4039000000000000,27449.0,0.72
123,5400018080,182,22,0.96,1,,25.0,1,3FEEB851EB851EB8,4039000000000000,23789.0,0.72
123,5400018080,183,11,0.94,1,,23.61,1,3FEE147AE147AE14,40379C28F5C28F5C,22947.0,0.718066
123,5400018080,184,37,0.79,1,B,9.11,1,3FE947AE147AE148,40223851EB851EB8,23772.0,0.7180310000000001
123,5400018080,185,26,0.79,1,B,9.11,1,3FE947AE147AE148,40223851EB851EB8,24468.0,0.7180310000000001
123,5400018080,186,79,0.79,1,B,9.11,1,3FE947AE147AE148,40223851EB851EB8,21583.0,0.7180310000000001
123,5400018080,187,93,0.79,1,B,9.11,1,3FE947AE147AE148,40223851EB851EB8,23033.0,0.7180310000000001
123,5400018080,188,71,0.79,1,B,9.11,1,3FE947AE147AE148,40223851EB851EB8,23662.0,0.7180310000000001
123,5400018080,189,53,0.8,1,B,10.25,1,3FE999999999999A,4024800000000000,26038.0,0.718
123,5400018080,190,32,0.96,1,,25.2,1,3FEEB851EB851EB8,4039333333333333,24385.0,0.7180799999999999
123,5400018080,191,39,0.85,1,,15.52,1,3FEB333333333333,402F0A3D70A3D70A,24985.0,0.7180799999999999
123,5400018080,192,71,0.79,1,B,9.11,1,3FE947AE147AE148,40223851EB851EB8,24516.0,0.7180310000000001
123,5400018080,193,59,0.79,1,B,9.11,1,3FE947AE147AE148,40223851EB851EB8,27043.0,0.7180310000000001
123,5400018080,194,59,0.79,1,B,9.11,1,3FE947AE147AE148,40223851EB851EB8,25326.0,0.7180310000000001
123,5400018080,195,337,0.74,1,S,4.86,1,3FE7AE147AE147AE,401370A3D70A3D71,23559.0,0.704036
123,5400018080,196,47,0.96,1,,33.22,1,3FEEB851EB851EB8,40409C28F5C28F5C,24921.0,0.6410879999999999
123,5400018080,197,36,0.93,1,,31.07,1,3FEDC28F5C28F5C3,403F11EB851EB852,26838.0,0.6410490000000001
123,5400018080,198,49,0.85,1,,18.94,1,3FEB333333333333,4032F0A3D70A3D71,26368.0,0.68901
123,5400018080,199,443,0.66,1,S,-13.03,1,3FE51EB851EB851F,C02A0F5C28F5C28F,27019.0,0.745998
123,5400018080,200,49,0.82,1,,17.19,1,3FEA3D70A3D70A3D,403130A3D70A3D71,23790.0,0.6790419999999999
123,5400018080,201,83,0.79,1,B,8.98,1,3FE947AE147AE148,4021F5C28F5C28F6,21826.0,0.7190580000000001
123,5400018080,202,50,0.8,1,B,8.62,1,3FE999999999999A,40213D70A3D70A3D,25273.0,0.73104
123,5400018080,203,63,0.85,1,,13.88,1,3FEB333333333333,402BC28F5C28F5C3,24348.0,0.73202
123,5400018080,204,211,0.75,1,S,2.4,1,3FE8000000000000,4003333333333333,24661.0,0.732
123,5400018080,205,11,0.85,1,,13.88,1,3FEB333333333333,402BC28F5C28F5C3,26527.0,0.73202
123,5400018080,206,22,0.85,1,,13.88,1,3FEB333333333333,402BC28F5C28F5C3,24036.0,0.73202
123,5400018080,207,36,0.85,1,,13.88,1,3FEB333333333333,402BC28F5C28F5C3,23742.0,0.73202
123,5400018080,208,35,0.85,1,,13.88,1,3FEB333333333333,402BC28F5C28F5C3,25240.0,0.73202
123,5400018080,209,44,0.8,1,B,8.5,1,3FE999999999999A,4021000000000000,26265.0,0.7320000000000001
123,5400018080,210,226,0.75,1,S,2.4,1,3FE8000000000000,4003333333333333,23800.0,0.732
123,5400018080,211,0,0.0,1,,0.0,1,0000000000000000,0000000000000000,23612.0,0.0
123,5400018080,212,30,0.85,1,,13.88,1,3FEB333333333333,402BC28F5C28F5C3,22473.0,0.73202
123,5400018080,213,24,0.85,1,,13.88,1,3FEB333333333333,402BC28F5C28F5C3,24238.0,0.73202
123,5400018080,214,169,0.75,1,S,2.4,1,3FE8000000000000,4003333333333333,23375.0,0.732
123,5400018080,215,53,0.85,1,,13.88,1,3FEB333333333333,402BC28F5C28F5C3,23134.0,0.73202
123,5400018080,216,60,0.85,1,,13.88,1,3FEB333333333333,402BC28F5C28F5C3,24179.0,0.73202
123,5400018080,217,40,0.85,1,,13.88,1,3FEB333333333333,402BC28F5C28F5C3,18851.0,0.73202
123,5400018080,218,37,0.85,1,,13.88,1,3FEB333333333333,402BC28F5C28F5C3,23085.0,0.73202
123,5400018080,219,0,0.0,1,,0.0,0,0000000000000000,0000000000000000,26008.0,0.0
123,5400018080,220,23,0.85,1,,14.0,1,3FEB333333333333,402C000000000000,21821.0,0.731
123,5400018080,221,120,0.75,1,S,2.53,1,3FE8000000000000,40043D70A3D70A3D,24120.0,0.731025
123,5400018080,222,96,0.82,1,,10.85,1,3FEA3D70A3D70A3D,4025B33333333333,22984.0,0.73103
123,5400018080,223,41,0.79,1,B,7.46,1,3FE947AE147AE148,401DD70A3D70A3D7,25546.0,0.731066
123,5400018080,224,45,0.76,1,,3.81,1,3FE851EB851EB852,400E7AE147AE147B,20425.0,0.731044
123,5400018080,225,209,0.75,1,B,2.53,1,3FE8000000000000,40043D70A3D70A3D,24001.0,0.731025
123,5400018080,226,111,0.85,1,,14.0,1,3FEB333333333333,402C000000000000,23940.0,0.731
123,5400018080,227,106,0.85,1,,14.0,1,3FEB333333333333,402C000000000000,19273.0,0.731
123,5400018080,228,24,0.85,1,,13.64,1,3FEB333333333333,402B47AE147AE148,22364.0,0.73406
123,5400018080,229,236,0.79,1,,6.83,1,3FE947AE147AE148,401B51EB851EB852,20987.0,0.736043
123,5400018080,230,99,0.84,1,S,12.26,1,3FEAE147AE147AE1,4028851EB851EB85,23438.0,0.7370159999999999
123,5400018080,231,90,0.85,1,,13.29,1,3FEB333333333333,402A947AE147AE14,21559.0,0.737035
123,5400018080,232,99,0.84,1,S,12.26,1,3FEAE147AE147AE1,4028851EB851EB85,22208.0,0.7370159999999999
123,5400018080,233,90,0.85,1,,13.29,1,3FEB333333333333,402A947AE147AE14,25880.0,0.737035
123,5400018080,234,15,0.85,1,,13.29,1,3FEB333333333333,402A947AE147AE14,25101.0,0.737035
123,5400018080,235,21,0.85,1,,13.17,1,3FEB333333333333,402A570A3D70A3D7,22224.0,0.7380549999999999
123,5400018080,236,26,0.85,1,,13.05,1,3FEB333333333333,402A19999999999A,18495.0,0.7390749999999999
123,5400018080,237,33,0.85,1,,13.05,1,3FEB333333333333,402A19999999999A,22980.0,0.7390749999999999
123,5400018080,238,22,0.89,1,,16.96,1,3FEC7AE147AE147B,4030F5C28F5C28F6,23848.0,0.739056
123,5400018080,239,20,0.89,1,,19.43,1,3FEC7AE147AE147B,40336E147AE147AE,21277.0,0.717073
123,5400018080,240,95,0.66,1,S,4.54,1,3FE51EB851EB851F,401228F5C28F5C29,25141.0,0.630036
123,5400018080,241,40,0.87,1,S,25.74,1,3FEBD70A3D70A3D7,4039BD70A3D70A3D,22293.0,0.646062
123,5400018080,242,21,0.89,1,,16.85,1,3FEC7AE147AE147B,4030D9999999999A,22090.0,0.740035
123,5400018080,243,19,0.89,1,,16.85,1,3FEC7AE147AE147B,4030D9999999999A,18966.0,0.740035
123,5400018080,244,26,0.89,1,,16.85,1,3FEC7AE147AE147B,4030D9999999999A,24569.0,0.740035
123,5400018080,245,20,0.89,1,,16.85,1,3FEC7AE147AE147B,4030D9999999999A,22288.0,0.740035
123,5400018080,246,15,0.89,1,,16.85,1,3FEC7AE147AE147B,4030D9999999999A,23975.0,0.740035
123,5400018080,247,27,0.89,1,,16.85,1,3FEC7AE147AE147B,4030D9999999999A,22673.0,0.740035
123,5400018080,248,17,0.89,1,,16.85,1,3FEC7AE147AE147B,4030D9999999999A,23186.0,0.740035
123,5400018080,249,48,0.75,1,S,5.33,1,3FE8000000000000,401551EB851EB852,17023.0,0.710025
123,5400018080,250,22,0.89,1,,19.55,1,3FEC7AE147AE147B,40338CCCCCCCCCCD,23548.0,0.716005
123,5400018080,251,25,0.89,1,,16.85,1,3FEC7AE147AE147B,4030D9999999999A,24771.0,0.740035
123,5400018080,252,7,0.89,1,,17.86,1,3FEC7AE147AE147B,4031DC28F5C28F5C,22949.0,0.731046
123,5400018080,253,65,0.79,1,S,10.12,1,3FE947AE147AE148,40243D70A3D70A3D,24947.0,0.710052
123,5400018080,254,25,0.88,1,S,17.95,1,3FEC28F5C28F5C29,4031F33333333333,22406.0,0.72204
123,5400018080,255,15,0.89,1,,17.75,1,3FEC7AE147AE147B,4031C00000000000,23696.0,0.732025
123,5400018080,256,136,0.79,1,S,20.25,1,3FE947AE147AE148,4034400000000000,22915.0,0.6300250000000001
123,5400018080,257,20,0.88,1,S,28.4,1,3FEC28F5C28F5C29,403C666666666666,20216.0,0.63008
123,5400018080,258,25,0.89,1,,21.79,1,3FEC7AE147AE147B,4035CA3D70A3D70A,19322.0,0.696069
123,5400018080,259,19,0.89,1,,16.85,1,3FEC7AE147AE147B,4030D9999999999A,12127.0,0.740035
123,5400018080,260,19,0.89,1,,16.85,1,3FEC7AE147AE147B,4030D9999999999A,23630.0,0.740035
123,5400018080,261,28,0.89,1,,16.85,1,3FEC7AE147AE147B,4030D9999999999A,23641.0,0.740035
123,5400018080,262,21,0.89,1,,16.85,1,3FEC7AE147AE147B,4030D9999999999A,23303.0,0.740035
123,5400018080,263,22,0.89,1,,16.85,1,3FEC7AE147AE147B,4030D9999999999A,21861.0,0.740035
123,5400018080,264,11,0.89,1,,16.85,1,3FEC7AE147AE147B,4030D9999999999A,22120.0,0.740035
123,5400018080,265,49,0.75,1,S,5.33,1,3FE8000000000000,401551EB851EB852,23849.0,0.710025
123,5400018080,266,21,0.89,1,,16.85,1,3FEC7AE147AE147B,4030D9999999999A,15540.0,0.740035
123,5400018080,267,22,0.89,1,,16.85,1,3FEC7AE147AE147B,4030D9999999999A,19293.0,0.740035
123,5400018080,268,11,0.89,1,,16.85,1,3FEC7AE147AE147B,4030D9999999999A,18613.0,0.740035
123,5400018080,269,49,0.75,1,S,5.33,1,3FE8000000000000,401551EB851EB852,16411.0,0.710025
123,5400018080,270,17,0.89,1,,19.43,1,3FEC7AE147AE147B,40336E147AE147AE,18499.0,0.717073
123,5400018080,271,19,0.89,1,,16.85,1,3FEC7AE147AE147B,4030D9999999999A,24701.0,0.740035
123,5400018080,272,24,0.89,1,,19.42,1,3FEC7AE147AE147B,40336B851EB851EC,19868.0,0.717162
123,5400018080,273,190,0.75,1,S,16.0,1,3FE8000000000000,4030000000000000,21545.0,0.63
123,5400018080,274,13,0.89,1,,26.36,1,3FEC7AE147AE147B,403A5C28F5C28F5C,14412.0,0.655396
123,5400018080,275,17,0.89,1,,16.85,1,3FEC7AE147AE147B,4030D9999999999A,15150.0,0.740035
123,5400018080,276,15,0.89,1,,16.85,1,3FEC7AE147AE147B,4030D9999999999A,20190.0,0.740035
123,5400018080,277,17,0.89,1,,19.03,1,3FEC7AE147AE147B,403307AE147AE148,21308.0,0.720633
123,5400018080,280,21,0.89,1,,16.85,1,3FEC7AE147AE147B,4030D9999999999A,20982.0,0.740035
123,5400018080,281,30,0.89,1,,16.85,1,3FEC7AE147AE147B,4030D9999999999A,20995.0,0.740035
123,5400018080,282,23,0.89,1,,16.85,1,3FEC7AE147AE147B,4030D9999999999A,19561.0,0.740035
123,5400018080,283,24,0.89,1,,18.39,1,3FEC7AE147AE147B,403263D70A3D70A4,22701.0,0.726329
123,5400018080,284,20,0.9,1,,17.96,1,3FECCCCCCCCCCCCD,4031F5C28F5C28F6,15302.0,0.73836
123,5400018080,285,11,0.93,1,,21.89,1,3FEDC28F5C28F5C3,4035E3D70A3D70A4,18664.0,0.726423
123,5400018080,286,69,0.75,1,S,8.0,1,3FE8000000000000,4020000000000000,20874.0,0.6900000000000001
123,5400018080,287,22,0.93,1,,22.81,1,3FEDC28F5C28F5C3,4036CF5C28F5C28F,23329.0,0.717867
123,5400018080,288,10,0.93,1,,20.21,1,3FEDC28F5C28F5C3,403435C28F5C28F6,20784.0,0.7420470000000001
123,5400018080,289,16,0.93,1,,20.21,1,3FEDC28F5C28F5C3,403435C28F5C28F6,20628.0,0.7420470000000001
123,5400018080,290,11,0.93,1,,20.21,1,3FEDC28F5C28F5C3,403435C28F5C28F6,20614.0,0.7420470000000001
123,5400018080,291,8,0.93,1,,20.21,1,3FEDC28F5C28F5C3,403435C28F5C28F6,15483.0,0.7420470000000001
123,5400018080,292,18,0.93,1,,19.92,1,3FEDC28F5C28F5C3,4033EB851EB851EC,18867.0,0.744744
123,5400018080,293,18,0.93,1,,20.62,1,3FEDC28F5C28F5C3,40349EB851EB851F,21020.0,0.738234
123,5400018080,294,36,0.89,1,S,20.33,1,3FEC7AE147AE147B,4034547AE147AE14,21199.0,0.709063
123,5400018080,295,14,0.93,1,,22.22,1,3FEDC28F5C28F5C3,40363851EB851EB8,20377.0,0.723354
123,5400018080,296,14,0.93,1,,18.38,1,3FEDC28F5C28F5C3,40326147AE147AE1,23128.0,0.759066
123,5400018080,297,10,0.93,1,,18.38,1,3FEDC28F5C28F5C3,40326147AE147AE1,22336.0,0.759066
123,5400018080,298,14,0.93,1,,18.38,1,3FEDC28F5C28F5C3,40326147AE147AE1,21698.0,0.759066
123,5400018080,299,20,0.93,1,,18.38,1,3FEDC28F5C28F5C3,40326147AE147AE1,18694.0,0.759066
123,5400018080,300,12,0.93,1,,18.38,1,3FEDC28F5C28F5C3,40326147AE147AE1,23135.0,0.759066
123,5400018080,301,28,0.93,1,,18.38,1,3FEDC28F5C28F5C3,40326147AE147AE1,23155.0,0.759066
123,5400018080,302,60,0.93,1,,18.38,1,3FEDC28F5C28F5C3,40326147AE147AE1,22347.0,0.759066
123,5400018080,303,41,0.93,1,,18.38,1,3FEDC28F5C28F5C3,40326147AE147AE1,22998.0,0.759066
123,5400018080,304,22,0.93,1,,18.38,1,3FEDC28F5C28F5C3,40326147AE147AE1,21746.0,0.759066
123,5400018080,305,0,0.0,1,,0.0,1,0000000000000000,0000000000000000,23790.0,0.0
123,5400018080,306,0,0.0,1,,0.0,1,0000000000000000,0000000000000000,22068.0,0.0
123,5400018080,307,0,0.0,1,,0.0,1,0000000000000000,0000000000000000,21780.0,0.0
123,5400018080,308,0,0.0,1,,0.0,1,0000000000000000,0000000000000000,14422.0,0.0
123,5400018080,309,0,0.0,1,,0.0,1,0000000000000000,0000000000000000,22521.0,0.0
123,5400018080,310,0,0.0,1,,0.0,1,0000000000000000,0000000000000000,18932.0,0.0
123,5400018080,311,0,0.0,1,,0.0,1,0000000000000000,0000000000000000,22411.0,0.0
123,5400018080,312,0,0.0,1,,0.0,1,0000000000000000,0000000000000000,23162.0,0.0
123,5400018080,313,0,0.0,1,,0.0,1,0000000000000000,0000000000000000,21724.0,0.0
123,5400018080,314,4,0.59,1,,-28.64,1,3FE2E147AE147AE1,C03CA3D70A3D70A4,19958.0,0.758976
123,5400018080,315,8,0.59,1,,-28.64,1,3FE2E147AE147AE1,C03CA3D70A3D70A4,21056.0,0.758976
123,5400018080,316,17,0.59,1,,-28.64,1,3FE2E147AE147AE1,C03CA3D70A3D70A4,20943.0,0.758976
123,5400018080,317,0,0.0,1,,0.0,1,0000000000000000,0000000000000000,21041.0,0.0
123,5400018080,318,0,0.0,1,,0.0,1,0000000000000000,0000000000000000,21542.0,0.0
123,5400018080,319,0,0.0,1,,0.0,1,0000000000000000,0000000000000000,19196.0,0.0
123,5400018080,320,0,0.0,1,,0.0,1,0000000000000000,0000000000000000,20153.0,0.0
123,5400018080,321,0,0.0,1,,0.0,1,0000000000000000,0000000000000000,19881.0,0.0
123,5400018080,322,0,0.0,1,,0.0,1,0000000000000000,0000000000000000,20180.0,0.0
123,5400018080,323,0,0.0,1,,0.0,1,0000000000000000,0000000000000000,20030.0,0.0
123,5400018080,324,0,0.0,1,,0.0,1,0000000000000000,0000000000000000,18822.0,0.0
123,5400018080,325,0,0.0,1,,0.0,1,0000000000000000,0000000000000000,21394.0,0.0
123,5400018080,326,0,0.0,1,,0.0,1,0000000000000000,0000000000000000,19725.0,0.0
123,5400018080,327,0,0.0,1,,0.0,1,0000000000000000,0000000000000000,20360.0,0.0
123,5400018080,328,0,0.0,1,,0.0,1,0000000000000000,0000000000000000,19293.0,0.0
123,5400018080,329,0,0.0,1,,0.0,1,0000000000000000,0000000000000000,20405.0,0.0
123,5400018080,330,0,0.0,1,,0.0,1,0000000000000000,0000000000000000,20283.0,0.0
123,5400018080,331,0,0.0,1,,0.0,1,0000000000000000,0000000000000000,18710.0,0.0
123,5400018080,332,0,0.0,1,,0.0,1,0000000000000000,0000000000000000,14151.0,0.0
123,5400018080,333,0,0.0,1,,0.0,1,0000000000000000,0000000000000000,18415.0,0.0
123,5400018080,334,0,0.0,1,,0.0,1,0000000000000000,0000000000000000,18878.0,0.0
123,5400018080,335,0,0.0,1,,0.0,1,0000000000000000,0000000000000000,23436.0,0.0
123,5400018080,336,0,0.0,1,,0.0,1,0000000000000000,0000000000000000,22170.0,0.0
123,5400018080,337,0,0.0,1,,0.0,1,0000000000000000,0000000000000000,16266.0,0.0
123,5400018080,338,0,0.0,1,,0.0,1,0000000000000000,0000000000000000,19265.0,0.0
123,5400018080,339,0,0.0,1,,0.0,1,0000000000000000,0000000000000000,21216.0,0.0
123,5400018080,344,0,0.0,1,,0.0,1,0000000000000000,0000000000000000,20417.0,0.0
123,5400018080,345,0,0.0,1,,0.0,1,0000000000000000,0000000000000000,20052.0,0.0
123,5400018080,346,0,0.0,1,,0.0,1,0000000000000000,0000000000000000,19556.0,0.0
123,5400018080,347,0,0.0,1,,0.0,1,0000000000000000,0000000000000000,20539.0,0.0
123,5400018080,348,0,0.0,1,,0.0,1,0000000000000000,0000000000000000,22418.0,0.0
123,5400018080,349,0,0.0,1,,0.0,1,0000000000000000,0000000000000000,18214.0,0.0
123,5400018080,350,0,0.0,1,,0.0,1,0000000000000000,0000000000000000,21389.0,0.0
123,5400018080,351,0,0.0,1,,0.0,1,0000000000000000,0000000000000000,18318.0,0.0
123,5400018080,352,0,0.0,1,,0.0,1,0000000000000000,0000000000000000,20557.0,0.0
123,5400018080,353,0,0.0,1,,0.0,1,0000000000000000,0000000000000000,21673.0,0.0
123,5400018080,354,0,0.0,1,,0.0,1,0000000000000000,0000000000000000,20159.0,0.0
123,5400018080,355,0,0.0,1,,0.0,1,0000000000000000,0000000000000000,23714.0,0.0
123,5400018080,358,0,0.0,1,,0.0,1,0000000000000000,0000000000000000,22117.0,0.0
123,5400018080,359,0,0.0,1,,0.0,1,0000000000000000,0000000000000000,20962.0,0.0
123,5400018080,360,0,0.0,1,,0.0,1,0000000000000000,0000000000000000,22696.0,0.0
123,5400018080,361,0,0.0,1,,0.0,1,0000000000000000,0000000000000000,20528.0,0.0
123,5400018080,362,0,0.0,1,,0.0,1,0000000000000000,0000000000000000,17825.0,0.0
123,5400018080,363,0,0.0,1,,0.0,1,0000000000000000,0000000000000000,21318.0,0.0
123,5400018080,364,0,0.0,1,,0.0,1,0000000000000000,0000000000000000,22807.0,0.0
123,5400018080,365,0,0.0,1,,0.0,1,0000000000000000,0000000000000000,21049.0,0.0
123,5400018080,366,0,0.0,1,,0.0,1,0000000000000000,0000000000000000,20145.0,0.0
123,5400018080,367,0,0.0,1,,0.0,1,0000000000000000,0000000000000000,20115.0,0.0
123,5400018080,368,0,0.0,1,,0.0,1,0000000000000000,0000000000000000,21151.0,0.0
123,5400018080,369,0,0.0,1,,0.0,1,0000000000000000,0000000000000000,20030.0,0.0
123,5400018080,372,0,0.0,1,,0.0,1,0000000000000000,0000000000000000,11648.0,0.0
123,5400018080,373,0,0.0,1,,0.0,1,0000000000000000,0000000000000000,16679.0,0.0
123,5400018080,374,0,0.0,1,,0.0,1,0000000000000000,0000000000000000,16733.0,0.0
123,5400018080,375,0,0.0,1,,0.0,1,0000000000000000,0000000000000000,20472.0,0.0
53,5400018080,1,71,0.96,1,,20.94,1,3FEEB851EB851EB8,4034F0A3D70A3D71,15042.0,0.758976
53,5400018080,2,363,0.79,1,B,1.14,1,3FE947AE147AE148,3FF23D70A3D70A3D,16824.0,0.7809940000000001
53,5400018080,3,120,0.79,1,B,16.08,1,3FE947AE147AE148,4030147AE147AE14,14698.0,0.6629680000000001
53,5400018080,4,96,0.79,1,B,16.08,1,3FE947AE147AE148,4030147AE147AE14,15862.0,0.6629680000000001
53,5400018080,5,37,0.96,1,,18.75,1,3FEEB851EB851EB8,4032C00000000000,15252.0,0.78
53,5400018080,6,22,0.96,1,,18.02,1,3FEEB851EB851EB8,4032051EB851EB85,14382.0,0.7870079999999999
53,5400018080,7,69,0.96,1,,17.5,1,3FEEB851EB851EB8,4031800000000000,15246.0,0.7919999999999999
53,5400018080,8,197,0.79,1,B,5.82,1,3FE947AE147AE148,401747AE147AE148,15113.0,0.744022
53,5400018080,9,216,0.79,1,B,3.92,1,3FE947AE147AE148,400F5C28F5C28F5C,13793.0,0.759032
53,5400018080,10,24,0.96,1,,18.54,1,3FEEB851EB851EB8,40328A3D70A3D70A,16486.0,0.7820159999999999
53,5400018080,11,51,0.96,1,,17.71,1,3FEEB851EB851EB8,4031B5C28F5C28F6,13346.0,0.7899839999999999
53,5400018080,12,28,0.96,1,,16.98,1,3FEEB851EB851EB8,4030FAE147AE147B,13720.0,0.796992
53,5400018080,13,52,0.96,1,,16.77,1,3FEEB851EB851EB8,4030C51EB851EB85,14166.0,0.799008
53,5400018080,14,56,0.96,1,,16.77,1,3FEEB851EB851EB8,4030C51EB851EB85,15016.0,0.799008
53,5400018080,15,100,0.83,1,B,4.7,1,3FEA8F5C28F5C28F,4012CCCCCCCCCCCD,13055.0,0.79099
53,5400018080,16,99,0.83,1,B,18.19,1,3FEA8F5C28F5C28F,403230A3D70A3D71,13720.0,0.679023
53,5400018080,17,104,0.83,1,B,15.3,1,3FEA8F5C28F5C28F,402E99999999999A,13187.0,0.7030099999999999
53,5400018080,18,81,0.96,1,,22.08,1,3FEEB851EB851EB8,4036147AE147AE14,13345.0,0.748032
53,5400018080,19,32,0.96,1,,20.42,1,3FEEB851EB851EB8,40346B851EB851EC,13700.0,0.763968
53,5400018080,20,104,0.89,1,,17.53,1,3FEC7AE147AE147B,403187AE147AE148,14024.0,0.733983
53,5400018080,21,337,0.79,1,,8.23,1,3FE947AE147AE148,402075C28F5C28F6,13824.0,0.724983
53,5400018080,22,30,0.89,1,,18.54,1,3FEC7AE147AE147B,40328A3D70A3D70A,13602.0,0.724994
53,5400018080,23,50,0.96,1,,24.48,1,3FEEB851EB851EB8,40387AE147AE147B,13804.0,0.724992
53,5400018080,24,91,0.96,1,,24.48,1,3FEEB851EB851EB8,40387AE147AE147B,13078.0,0.724992
53,5400018080,25,279,0.79,1,B,8.23,1,3FE947AE147AE148,402075C28F5C28F6,13674.0,0.724983
53,5400018080,26,101,0.79,1,B,8.23,1,3FE947AE147AE148,402075C28F5C28F6,14091.0,0.724983
53,5400018080,27,130,0.79,1,B,8.23,1,3FE947AE147AE148,402075C28F5C28F6,14827.0,0.724983
53,5400018080,28,36,0.96,1,,24.48,1,3FEEB851EB851EB8,40387AE147AE147B,14508.0,0.724992
53,5400018080,29,4,0.96,1,,24.48,0,3FEEB851EB851EB8,40387AE147AE147B,15046.0,0.724992
53,5400018080,30,32,0.96,1,,24.48,1,3FEEB851EB851EB8,40387AE147AE147B,16812.0,0.724992
53,5400018080,31,62,0.79,1,B,8.23,1,3FE947AE147AE148,402075C28F5C28F6,15682.0,0.724983
53,5400018080,32,45,0.79,1,B,8.23,1,3FE947AE147AE148,402075C28F5C28F6,14937.0,0.724983
53,5400018080,33,43,0.96,1,,16.67,1,3FEEB851EB851EB8,4030AB851EB851EC,15994.0,0.7999679999999999
53,5400018080,34,52,0.96,1,,16.67,1,3FEEB851EB851EB8,4030AB851EB851EC,15482.0,0.7999679999999999
53,5400018080,35,81,0.96,1,,22.08,1,3FEEB851EB851EB8,4036147AE147AE14,16542.0,0.748032
53,5400018080,36,273,0.79,1,,8.23,1,3FE947AE147AE148,402075C28F5C28F6,15801.0,0.724983
53,5400018080,37,44,0.96,1,,21.67,1,3FEEB851EB851EB8,4035AB851EB851EC,16245.0,0.751968
53,5400018080,38,24,0.96,1,,21.15,1,3FEEB851EB851EB8,4035266666666666,15623.0,0.75696
53,5400018080,39,68,0.96,1,,21.15,1,3FEEB851EB851EB8,4035266666666666,15818.0,0.75696
53,5400018080,40,262,0.79,1,B,4.94,1,3FE947AE147AE148,4013C28F5C28F5C3,16006.0,0.750974
53,5400018080,41,106,0.79,1,,4.94,1,3FE947AE147AE148,4013C28F5C28F5C3,15901.0,0.750974
53,5400018080,42,54,0.96,1,,21.77,1,3FEEB851EB851EB8,4035C51EB851EB85,17137.0,0.751008
53,5400018080,43,48,0.96,1,,21.77,1,3FEEB851EB851EB8,4035C51EB851EB85,16148.0,0.751008
53,5400018080,44,57,0.96,1,,23.75,1,3FEEB851EB851EB8,4037C00000000000,15290.0,0.732
53,5400018080,45,241,0.79,1,B,8.1,1,3FE947AE147AE148,4020333333333333,16090.0,0.72601
53,5400018080,46,84,0.79,1,B,8.23,1,3FE947AE147AE148,402075C28F5C28F6,15934.0,0.724983
53,5400018080,47,45,0.96,1,,24.48,1,3FEEB851EB851EB8,40387AE147AE147B,15488.0,0.724992
53,5400018080,48,55,0.96,1,,24.48,1,3FEEB851EB851EB8,40387AE147AE147B,15338.0,0.724992
53,5400018080,49,94,0.96,1,,24.48,1,3FEEB851EB851EB8,40387AE147AE147B,15671.0,0.724992
53,5400018080,50,168,0.79,1,,8.23,1,3FE947AE147AE148,402075C28F5C28F6,15792.0,0.724983
53,5400018080,51,37,0.96,1,,24.48,1,3FEEB851EB851EB8,40387AE147AE147B,15881.0,0.724992
53,5400018080,52,38,0.96,1,,23.65,1,3FEEB851EB851EB8,4037A66666666666,15131.0,0.7329600000000001
53,5400018080,53,113,0.96,1,,20.21,1,3FEEB851EB851EB8,403435C28F5C28F6,16878.0,0.765984
53,5400018080,54,378,0.79,1,B,12.66,1,3FE947AE147AE148,402951EB851EB852,14581.0,0.689986
53,5400018080,55,108,0.79,1,B,13.54,1,3FE947AE147AE148,402B147AE147AE14,16037.0,0.683034
53,5400018080,56,47,0.79,1,B,16.58,1,3FE947AE147AE148,4030947AE147AE14,14796.0,0.6590180000000001
53,5400018080,57,28,0.96,1,,31.35,1,3FEEB851EB851EB8,403F59999999999A,14651.0,0.65904
53,5400018080,58,76,0.96,1,,31.35,1,3FEEB851EB851EB8,403F59999999999A,14685.0,0.65904
53,5400018080,59,105,0.96,1,,20.21,1,3FEEB851EB851EB8,403435C28F5C28F6,15725.0,0.765984
53,5400018080,60,52,0.96,1,,16.98,1,3FEEB851EB851EB8,4030FAE147AE147B,14348.0,0.796992
53,5400018080,61,27,0.96,1,,16.77,1,3FEEB851EB851EB8,4030C51EB851EB85,14140.0,0.799008
53,5400018080,62,47,0.96,1,,16.67,1,3FEEB851EB851EB8,4030AB851EB851EC,18095.0,0.7999679999999999
53,5400018080,63,45,0.96,1,,16.67,1,3FEEB851EB851EB8,4030AB851EB851EC,13443.0,0.7999679999999999
53,5400018080,64,151,0.96,1,,29.27,1,3FEEB851EB851EB8,403D451EB851EB85,16696.0,0.6790080000000001
53,5400018080,65,463,0.79,1,B,15.32,1,3FE947AE147AE148,402EA3D70A3D70A4,15470.0,0.668972
53,5400018080,66,64,0.79,1,B,15.44,1,3FE947AE147AE148,402EE147AE147AE1,16042.0,0.6680240000000001
53,5400018080,67,33,0.96,1,,30.42,1,3FEEB851EB851EB8,403E6B851EB851EC,13359.0,0.6679679999999999
53,5400018080,68,34,0.96,1,,30.42,1,3FEEB851EB851EB8,403E6B851EB851EC,14361.0,0.6679679999999999
53,5400018080,69,29,0.96,1,,30.42,1,3FEEB851EB851EB8,403E6B851EB851EC,15870.0,0.6679679999999999
53,5400018080,70,31,0.96,1,,30.42,1,3FEEB851EB851EB8,403E6B851EB851EC,13876.0,0.6679679999999999
53,5400018080,71,37,0.96,1,,30.42,1,3FEEB851EB851EB8,403E6B851EB851EC,13820.0,0.6679679999999999
53,5400018080,72,37,0.96,1,,27.6,1,3FEEB851EB851EB8,403B99999999999A,13600.0,0.69504
53,5400018080,73,24,0.96,1,,20.42,1,3FEEB851EB851EB8,40346B851EB851EC,16238.0,0.763968
53,5400018080,74,18,0.96,1,,17.81,1,3FEEB851EB851EB8,4031CF5C28F5C28F,13693.0,0.7890240000000001
53,5400018080,75,36,0.96,1,,17.29,1,3FEEB851EB851EB8,40314A3D70A3D70A,13335.0,0.7940159999999999
53,5400018080,76,133,0.96,1,B,16.98,1,3FEEB851EB851EB8,4030FAE147AE147B,14432.0,0.796992
53,5400018080,77,542,0.79,1,B,14.05,1,3FE947AE147AE148,402C19999999999A,14587.0,0.679005
53,5400018080,78,158,0.79,1,B,14.56,1,3FE947AE147AE148,402D1EB851EB851F,13732.0,0.674976
53,5400018080,79,61,0.83,1,B,18.67,1,3FEA8F5C28F5C28F,4032AB851EB851EC,16736.0,0.675039
53,5400018080,80,46,0.96,1,,29.69,1,3FEEB851EB851EB8,403DB0A3D70A3D71,16188.0,0.674976
53,5400018080,81,52,0.96,1,,19.38,1,3FEEB851EB851EB8,40336147AE147AE1,16561.0,0.773952
53,5400018080,82,67,0.84,1,B,10.0,1,3FEAE147AE147AE1,4024000000000000,15036.0,0.756
53,5400018080,83,43,0.84,1,B,18.69,1,3FEAE147AE147AE1,4032B0A3D70A3D71,15456.0,0.683004
53,5400018080,84,31,0.96,1,,25.1,1,3FEEB851EB851EB8,403919999999999A,15307.0,0.71904
53,5400018080,85,36,0.96,1,,17.19,1,3FEEB851EB851EB8,403130A3D70A3D71,15092.0,0.7949759999999999
53,5400018080,86,22,0.96,1,,16.88,1,3FEEB851EB851EB8,4030E147AE147AE1,16795.0,0.797952
53,5400018080,87,25,0.96,1,,16.88,1,3FEEB851EB851EB8,4030E147AE147AE1,15659.0,0.797952
53,5400018080,88,140,0.96,1,,28.85,1,3FEEB851EB851EB8,403CD9999999999A,15109.0,0.68304
53,5400018080,89,507,0.79,1,B,13.54,1,3FE947AE147AE148,402B147AE147AE14,16038.0,0.683034
53,5400018080,90,48,0.79,1,B,13.54,1,3FE947AE147AE148,402B147AE147AE14,16801.0,0.683034
53,5400018080,91,23,0.96,1,S,28.85,1,3FEEB851EB851EB8,403CD9999999999A,16008.0,0.68304
53,5400018080,92,30,0.96,1,,28.85,1,3FEEB851EB851EB8,403CD9999999999A,15317.0,0.68304
53,5400018080,93,36,0.96,1,,22.6,1,3FEEB851EB851EB8,403699999999999A,15516.0,0.74304
53,5400018080,94,20,0.96,1,,22.6,1,3FEEB851EB851EB8,403699999999999A,15817.0,0.74304
53,5400018080,95,33,0.96,1,,20.21,1,3FEEB851EB851EB8,403435C28F5C28F6,15511.0,0.765984
53,5400018080,96,42,0.96,1,,20.21,1,3FEEB851EB851EB8,403435C28F5C28F6,13282.0,0.765984
53,5400018080,97,120,0.79,1,,13.04,1,3FE947AE147AE148,402A147AE147AE14,15324.0,0.686984
53,5400018080,98,25,0.96,1,,28.54,1,3FEEB851EB851EB8,403C8A3D70A3D70A,16277.0,0.686016
53,5400018080,99,26,0.96,1,,28.54,1,3FEEB851EB851EB8,403C8A3D70A3D70A,16688.0,0.686016
53,5400018080,100,17,0.96,1,,28.54,1,3FEEB851EB851EB8,403C8A3D70A3D70A,15717.0,0.686016
53,5400018080,101,15,0.96,1,,28.54,1,3FEEB851EB851EB8,403C8A3D70A3D70A,15318.0,0.686016
53,5400018080,102,26,0.96,1,,28.54,1,3FEEB851EB851EB8,403C8A3D70A3D70A,16220.0,0.686016
53,5400018080,103,363,0.79,1,B,15.19,1,3FE947AE147AE148,402E6147AE147AE1,16633.0,0.669999
53,5400018080,104,17,0.96,1,,30.21,1,3FEEB851EB851EB8,403E35C28F5C28F6,16709.0,0.6699839999999999
53,5400018080,105,16,0.96,1,,30.21,1,3FEEB851EB851EB8,403E35C28F5C28F6,17168.0,0.6699839999999999
53,5400018080,106,27,0.96,1,,30.21,1,3FEEB851EB851EB8,403E35C28F5C28F6,16478.0,0.6699839999999999
53,5400018080,107,9,0.87,1,B,22.99,1,3FEBD70A3D70A3D7,4036FD70A3D70A3D,15367.0,0.669987
53,5400018080,108,54,0.87,1,B,22.99,1,3FEBD70A3D70A3D7,4036FD70A3D70A3D,15793.0,0.669987
53,5400018080,109,196,0.79,1,S,10.25,1,3FE947AE147AE148,4024800000000000,15158.0,0.709025
53,5400018080,110,214,0.87,1,,18.51,1,3FEBD70A3D70A3D7,4032828F5C28F5C3,17762.0,0.708963
53,5400018080,111,69,0.87,1,,18.51,1,3FEBD70A3D70A3D7,4032828F5C28F5C3,15938.0,0.708963
53,5400018080,112,46,0.87,1,,18.51,1,3FEBD70A3D70A3D7,4032828F5C28F5C3,14793.0,0.708963
53,5400018080,113,79,0.87,1,B,18.51,1,3FEBD70A3D70A3D7,4032828F5C28F5C3,15727.0,0.708963
53,5400018080,114,56,0.87,1,B,18.51,1,3FEBD70A3D70A3D7,4032828F5C28F5C3,14979.0,0.708963
53,5400018080,115,58,0.87,1,B,18.51,1,3FEBD70A3D70A3D7,4032828F5C28F5C3,17414.0,0.708963
53,5400018080,116,18,0.87,1,B,18.51,1,3FEBD70A3D70A3D7,4032828F5C28F5C3,13555.0,0.708963
53,5400018080,117,31,0.87,1,B,18.39,1,3FEBD70A3D70A3D7,403263D70A3D70A4,15491.0,0.710007
53,5400018080,118,26,0.87,1,B,18.39,1,3FEBD70A3D70A3D7,403263D70A3D70A4,14446.0,0.710007
53,5400018080,119,177,0.79,1,B,10.13,1,3FE947AE147AE148,4024428F5C28F5C3,13566.0,0.7099730000000001
53,5400018080,120,34,0.96,1,S,26.04,1,3FEEB851EB851EB8,403A0A3D70A3D70A,14975.0,0.710016
53,5400018080,121,30,0.96,1,,26.04,1,3FEEB851EB851EB8,403A0A3D70A3D70A,14595.0,0.710016
53,5400018080,122,239,0.79,1,,9.24,1,3FE947AE147AE148,40227AE147AE147B,13886.0,0.717004
53,5400018080,123,89,0.96,1,,25.31,1,3FEEB851EB851EB8,40394F5C28F5C28F,14442.0,0.717024
53,5400018080,124,56,0.89,1,B,19.44,1,3FEC7AE147AE147B,403370A3D70A3D71,15403.0,0.716984
53,5400018080,125,31,0.89,1,B,19.44,1,3FEC7AE147AE147B,403370A3D70A3D71,13698.0,0.716984
53,5400018080,126,30,0.89,1,B,19.44,1,3FEC7AE147AE147B,403370A3D70A3D71,13741.0,0.716984
53,5400018080,127,61,0.89,1,B,19.44,1,3FEC7AE147AE147B,403370A3D70A3D71,15480.0,0.716984
53,5400018080,128,35,0.89,1,B,19.78,1,3FEC7AE147AE147B,4033C7AE147AE148,13910.0,0.713958
53,5400018080,129,62,0.89,1,B,19.44,1,3FEC7AE147AE147B,403370A3D70A3D71,13977.0,0.716984
53,5400018080,130,45,0.89,1,B,19.44,1,3FEC7AE147AE147B,403370A3D70A3D71,15311.0,0.716984
53,5400018080,131,60,0.89,1,B,19.33,1,3FEC7AE147AE147B,4033547AE147AE14,14699.0,0.717963
53,5400018080,132,45,0.89,1,B,19.21,1,3FEC7AE147AE147B,403335C28F5C28F6,14453.0,0.719031
53,5400018080,133,84,0.72,1,B,0.28,1,3FE70A3D70A3D70A,3FD1EB851EB851EC,15509.0,0.717984
53,5400018080,134,84,0.72,1,B,0.56,1,3FE70A3D70A3D70A,3FE1EB851EB851EC,14273.0,0.7159679999999999
53,5400018080,135,54,0.87,1,B,17.7,1,3FEBD70A3D70A3D7,4031B33333333333,17404.0,0.7160099999999999
53,5400018080,136,51,0.87,1,B,17.7,1,3FEBD70A3D70A3D7,4031B33333333333,16399.0,0.7160099999999999
53,5400018080,137,66,0.87,1,B,17.7,1,3FEBD70A3D70A3D7,4031B33333333333,15379.0,0.7160099999999999
53,5400018080,138,55,0.87,1,B,17.7,1,3FEBD70A3D70A3D7,4031B33333333333,14770.0,0.7160099999999999
53,5400018080,139,55,0.87,1,B,18.28,1,3FEBD70A3D70A3D7,403247AE147AE148,16925.0,0.7109639999999999
53,5400018080,140,211,3.0,4,B,5.33,1,4008000000000000,401551EB851EB852,18830.0,0.710025
53,5400018080,141,90,0.87,1,B,18.39,1,3FEBD70A3D70A3D7,403263D70A3D70A4,16174.0,0.710007
53,5400018080,142,121,0.87,1,B,18.39,1,3FEBD70A3D70A3D7,403263D70A3D70A4,18951.0,0.710007
53,5400018080,143,50,0.87,1,B,18.39,1,3FEBD70A3D70A3D7,403263D70A3D70A4,15154.0,0.710007
53,5400018080,144,4,0.87,1,B,18.39,0,3FEBD70A3D70A3D7,403263D70A3D70A4,15112.0,0.710007
53,5400018080,145,38,0.87,1,,18.39,1,3FEBD70A3D70A3D7,403263D70A3D70A4,16808.0,0.710007
53,5400018080,146,45,0.87,1,B,18.39,1,3FEBD70A3D70A3D7,403263D70A3D70A4,15816.0,0.710007
53,5400018080,147,62,0.79,1,,10.13,1,3FE947AE147AE148,4024428F5C28F5C3,16525.0,0.7099730000000001
53,5400018080,148,70,0.79,1,B,10.13,1,3FE947AE147AE148,4024428F5C28F5C3,15596.0,0.7099730000000001
53,5400018080,149,81,0.79,1,,10.13,1,3FE947AE147AE148,4024428F5C28F5C3,15499.0,0.7099730000000001
53,5400018080,150,45,0.79,1,B,10.13,1,3FE947AE147AE148,4024428F5C28F5C3,17610.0,0.7099730000000001
53,5400018080,151,59,0.79,1,B,10.13,1,3FE947AE147AE148,4024428F5C28F5C3,15505.0,0.7099730000000001
53,5400018080,152,82,0.79,1,,10.13,1,3FE947AE147AE148,4024428F5C28F5C3,15533.0,0.7099730000000001
53,5400018080,153,66,0.79,1,,10.13,1,3FE947AE147AE148,4024428F5C28F5C3,16395.0,0.7099730000000001
53,5400018080,154,65,0.79,1,,10.13,1,3FE947AE147AE148,4024428F5C28F5C3,14901.0,0.7099730000000001
53,5400018080,155,59,0.79,1,,10.13,1,3FE947AE147AE148,4024428F5C28F5C3,15553.0,0.7099730000000001
53,5400018080,156,105,0.79,1,,10.13,1,3FE947AE147AE148,4024428F5C28F5C3,15024.0,0.7099730000000001
53,5400018080,157,84,0.79,1,,10.13,1,3FE947AE147AE148,4024428F5C28F5C3,14626.0,0.7099730000000001
53,5400018080,158,101,0.79,1,S,10.13,1,3FE947AE147AE148,4024428F5C28F5C3,16234.0,0.7099730000000001
53,5400018080,159,81,0.79,1,,10.13,1,3FE947AE147AE148,4024428F5C28F5C3,16625.0,0.7099730000000001
53,5400018080,160,199,1.5,2,B,5.33,1,3FF8000000000000,401551EB851EB852,16612.0,0.710025
53,5400018080,161,60,0.96,1,B,26.04,1,3FEEB851EB851EB8,403A0A3D70A3D70A,15535.0,0.710016
53,5400018080,162,114,0.79,1,B,10.13,1,3FE947AE147AE148,4024428F5C28F5C3,17450.0,0.7099730000000001
53,5400018080,163,183,0.79,1,B,10.13,1,3FE947AE147AE148,4024428F5C28F5C3,16620.0,0.7099730000000001
53,5400018080,164,80,0.79,1,B,10.13,1,3FE947AE147AE148,4024428F5C28F5C3,14495.0,0.7099730000000001
53,5400018080,165,79,0.79,1,B,10.13,1,3FE947AE147AE148,4024428F5C28F5C3,15542.0,0.7099730000000001
53,5400018080,166,56,0.79,1,,10.13,1,3FE947AE147AE148,4024428F5C28F5C3,14923.0,0.7099730000000001
53,5400018080,167,167,3.0,4,S,5.33,1,4008000000000000,401551EB851EB852,16931.0,0.710025
53,5400018080,168,79,0.79,1,,10.13,1,3FE947AE147AE148,4024428F5C28F5C3,13459.0,0.7099730000000001
53,5400018080,169,94,0.79,1,,10.13,1,3FE947AE147AE148,4024428F5C28F5C3,15583.0,0.7099730000000001
53,5400018080,170,69,0.79,1,B,10.13,1,3FE947AE147AE148,4024428F5C28F5C3,14311.0,0.7099730000000001
53,5400018080,171,92,0.79,1,,10.13,1,3FE947AE147AE148,4024428F5C28F5C3,15900.0,0.7099730000000001
53,5400018080,172,165,0.79,1,B,10.13,1,3FE947AE147AE148,4024428F5C28F5C3,12529.0,0.7099730000000001
53,5400018080,173,152,1.5,2,,5.33,1,3FF8000000000000,401551EB851EB852,12682.0,0.710025
53,5400018080,174,47,0.96,1,,26.04,1,3FEEB851EB851EB8,403A0A3D70A3D70A,14729.0,0.710016
53,5400018080,175,64,0.88,1,B,19.32,1,3FEC28F5C28F5C29,403351EB851EB852,13356.0,0.709984
53,5400018080,176,82,0.88,1,B,18.64,1,3FEC28F5C28F5C29,4032A3D70A3D70A4,14449.0,0.715968
53,5400018080,177,70,0.88,1,B,18.3,1,3FEC28F5C28F5C29,40324CCCCCCCCCCD,13329.0,0.7189599999999999
53,5400018080,178,48,0.88,1,,18.18,1,3FEC28F5C28F5C29,40322E147AE147AE,13493.0,0.720016
53,5400018080,179,43,0.88,1,B,18.18,1,3FEC28F5C28F5C29,40322E147AE147AE,14329.0,0.720016
53,5400018080,180,37,0.88,1,B,18.18,1,3FEC28F5C28F5C29,40322E147AE147AE,12515.0,0.720016
53,5400018080,181,20,0.96,1,,25.0,1,3FEEB851EB851EB8,4039000000000000,15994.0,0.72
53,5400018080,182,37,0.96,1,,25.0,1,3FEEB851EB851EB8,4039000000000000,14585.0,0.72
53,5400018080,183,38,0.96,1,,25.0,1,3FEEB851EB851EB8,4039000000000000,13306.0,0.72
53,5400018080,184,95,0.79,1,B,8.99,1,3FE947AE147AE148,4021FAE147AE147B,14364.0,0.718979
53,5400018080,185,65,0.79,1,B,9.11,1,3FE947AE147AE148,40223851EB851EB8,15410.0,0.7180310000000001
53,5400018080,186,56,0.79,1,B,9.11,1,3FE947AE147AE148,40223851EB851EB8,15584.0,0.7180310000000001
53,5400018080,187,101,0.79,1,B,9.11,1,3FE947AE147AE148,40223851EB851EB8,14618.0,0.7180310000000001
53,5400018080,188,66,0.79,1,B,9.11,1,3FE947AE147AE148,40223851EB851EB8,15166.0,0.7180310000000001
53,5400018080,189,87,0.79,1,B,9.11,1,3FE947AE147AE148,40223851EB851EB8,15947.0,0.7180310000000001
53,5400018080,190,26,0.96,1,,25.21,1,3FEEB851EB851EB8,403935C28F5C28F6,15329.0,0.717984
53,5400018080,191,41,0.96,1,,25.21,1,3FEEB851EB851EB8,403935C28F5C28F6,15581.0,0.717984
53,5400018080,192,105,0.79,1,B,9.11,1,3FE947AE147AE148,40223851EB851EB8,15685.0,0.7180310000000001
53,5400018080,193,98,0.79,1,B,9.11,1,3FE947AE147AE148,40223851EB851EB8,16556.0,0.7180310000000001
53,5400018080,194,90,0.79,1,B,9.11,1,3FE947AE147AE148,40223851EB851EB8,14529.0,0.7180310000000001
53,5400018080,195,279,0.74,1,S,6.48,1,3FE7AE147AE147AE,4019EB851EB851EC,14549.0,0.692048
53,5400018080,196,29,0.96,1,,33.22,1,3FEEB851EB851EB8,40409C28F5C28F5C,15860.0,0.6410879999999999
53,5400018080,197,33,0.92,1,,30.32,1,3FED70A3D70A3D71,403E51EB851EB852,16173.0,0.641056
53,5400018080,198,55,0.89,1,,17.75,1,3FEC7AE147AE147B,4031C00000000000,16331.0,0.732025
53,5400018080,199,412,0.66,1,S,-11.51,1,3FE51EB851EB851F,C027051EB851EB85,15717.0,0.735966
53,5400018080,200,38,0.85,1,,20.23,1,3FEB333333333333,40343AE147AE147B,14807.0,0.6780449999999999
53,5400018080,201,69,0.79,1,B,8.98,1,3FE947AE147AE148,4021F5C28F5C28F6,10715.0,0.7190580000000001
53,5400018080,202,31,0.79,1,B,7.46,1,3FE947AE147AE148,401DD70A3D70A3D7,13148.0,0.731066
53,5400018080,203,46,0.89,1,,17.75,1,3FEC7AE147AE147B,4031C00000000000,15351.0,0.732025
53,5400018080,204,272,0.75,1,S,2.4,1,3FE8000000000000,4003333333333333,15202.0,0.732
53,5400018080,205,21,0.87,1,,15.86,1,3FEBD70A3D70A3D7,402FB851EB851EB8,15735.0,0.7320180000000001
53,5400018080,206,15,0.85,1,B,13.88,1,3FEB333333333333,402BC28F5C28F5C3,14964.0,0.73202
53,5400018080,207,27,0.85,1,B,13.88,1,3FEB333333333333,402BC28F5C28F5C3,14813.0,0.73202
53,5400018080,208,54,0.89,1,,17.75,1,3FEC7AE147AE147B,4031C00000000000,15416.0,0.732025
53,5400018080,209,54,0.84,1,B,12.85,1,3FEAE147AE147AE1,4029B33333333333,17954.0,0.7320599999999999
53,5400018080,210,242,0.75,1,S,2.4,1,3FE8000000000000,4003333333333333,14152.0,0.732
53,5400018080,211,0,0.0,1,,0.0,1,0000000000000000,0000000000000000,15451.0,0.0
53,5400018080,212,44,0.89,1,,17.75,1,3FEC7AE147AE147B,4031C00000000000,13968.0,0.732025
53,5400018080,213,20,0.89,1,,17.75,1,3FEC7AE147AE147B,4031C00000000000,14845.0,0.732025
53,5400018080,214,139,0.75,1,S,2.4,1,3FE8000000000000,4003333333333333,14536.0,0.732
53,5400018080,215,19,0.88,1,S,16.81,1,3FEC28F5C28F5C29,4030CF5C28F5C28F,14158.0,0.732072
53,5400018080,216,62,0.71,1,,-3.09,1,3FE6B851EB851EB8,C008B851EB851EB8,14359.0,0.7319389999999999
53,5400018080,217,20,0.85,1,,13.88,1,3FEB333333333333,402BC28F5C28F5C3,10752.0,0.73202
53,5400018080,218,22,0.89,1,,17.75,1,3FEC7AE147AE147B,4031C00000000000,13951.0,0.732025
53,5400018080,219,0,0.0,1,,0.0,0,0000000000000000,0000000000000000,15439.0,0.0
53,5400018080,220,25,0.89,1,,17.86,1,3FEC7AE147AE147B,4031DC28F5C28F5C,12787.0,0.731046
53,5400018080,221,119,0.75,1,S,2.53,1,3FE8000000000000,40043D70A3D70A3D,15179.0,0.731025
53,5400018080,222,24,0.84,1,,12.97,1,3FEAE147AE147AE1,4029F0A3D70A3D71,14481.0,0.7310519999999999
53,5400018080,223,62,0.8,1,B,8.62,1,3FE999999999999A,40213D70A3D70A3D,15715.0,0.73104
53,5400018080,224,136,0.79,1,,7.46,1,3FE947AE147AE148,401DD70A3D70A3D7,12277.0,0.731066
53,5400018080,225,257,0.75,1,B,2.53,1,3FE8000000000000,40043D70A3D70A3D,14720.0,0.731025
53,5400018080,226,23,0.89,1,,17.86,1,3FEC7AE147AE147B,4031DC28F5C28F5C,15072.0,0.731046
53,5400018080,227,23,0.89,1,,17.86,1,3FEC7AE147AE147B,4031DC28F5C28F5C,12195.0,0.731046
53,5400018080,228,33,0.89,1,,17.52,1,3FEC7AE147AE147B,4031851EB851EB85,13448.0,0.734072
53,5400018080,229,205,0.79,1,S,6.83,1,3FE947AE147AE148,401B51EB851EB852,12490.0,0.736043
53,5400018080,230,18,0.89,1,,17.19,1,3FEC7AE147AE147B,403130A3D70A3D71,13794.0,0.7370089999999999
53,5400018080,231,22,0.89,1,,17.19,1,3FEC7AE147AE147B,403130A3D70A3D71,12545.0,0.7370089999999999
53,5400018080,232,18,0.89,1,,17.19,1,3FEC7AE147AE147B,403130A3D70A3D71,13784.0,0.7370089999999999
53,5400018080,233,22,0.89,1,,17.19,1,3FEC7AE147AE147B,403130A3D70A3D71,14591.0,0.7370089999999999
53,5400018080,234,26,0.89,1,,17.19,1,3FEC7AE147AE147B,403130A3D70A3D71,14941.0,0.7370089999999999
53,5400018080,235,18,0.89,1,,17.07,1,3FEC7AE147AE147B,403111EB851EB852,13817.0,0.7380770000000001
53,5400018080,236,23,0.89,1,,16.96,1,3FEC7AE147AE147B,4030F5C28F5C28F6,12542.0,0.739056
53,5400018080,237,21,0.89,1,,16.96,1,3FEC7AE147AE147B,4030F5C28F5C28F6,15686.0,0.739056
53,5400018080,238,29,0.89,1,,16.96,1,3FEC7AE147AE147B,4030F5C28F5C28F6,14304.0,0.739056
53,5400018080,239,24,0.89,1,,17.97,1,3FEC7AE147AE147B,4031F851EB851EB8,13984.0,0.730067
53,5400018080,240,80,0.67,1,,5.97,1,3FE570A3D70A3D71,4017E147AE147AE1,16101.0,0.630001
53,5400018080,241,16,0.89,1,,26.17,1,3FEC7AE147AE147B,403A2B851EB851EC,14341.0,0.657087
53,5400018080,242,25,0.89,1,,16.85,1,3FEC7AE147AE147B,4030D9999999999A,14216.0,0.740035
53,5400018080,243,25,0.89,1,,16.85,1,3FEC7AE147AE147B,4030D9999999999A,11971.0,0.740035
53,5400018080,244,15,0.89,1,,16.85,1,3FEC7AE147AE147B,4030D9999999999A,15974.0,0.740035
53,5400018080,245,20,0.89,1,,16.85,1,3FEC7AE147AE147B,4030D9999999999A,14094.0,0.740035
53,5400018080,246,16,0.89,1,,16.85,1,3FEC7AE147AE147B,4030D9999999999A,14568.0,0.740035
53,5400018080,247,34,0.89,1,,16.85,1,3FEC7AE147AE147B,4030D9999999999A,14653.0,0.740035
53,5400018080,248,21,0.89,1,,17.75,1,3FEC7AE147AE147B,4031C00000000000,14554.0,0.732025
53,5400018080,249,221,0.75,1,S,5.33,1,3FE8000000000000,401551EB851EB852,13106.0,0.710025
53,5400018080,250,34,0.87,1,S,17.7,1,3FEBD70A3D70A3D7,4031B33333333333,14892.0,0.7160099999999999
53,5400018080,251,29,0.89,1,,16.85,1,3FEC7AE147AE147B,4030D9999999999A,14648.0,0.740035
53,5400018080,252,22,0.89,1,,18.08,1,3FEC7AE147AE147B,4032147AE147AE14,15377.0,0.7290880000000001
53,5400018080,253,250,0.79,1,,10.12,1,3FE947AE147AE148,40243D70A3D70A3D,15656.0,0.710052
53,5400018080,254,21,0.89,1,,19.1,1,3FEC7AE147AE147B,403319999999999A,14654.0,0.7200099999999999
53,5400018080,255,19,0.89,1,,18.87,1,3FEC7AE147AE147B,4032DEB851EB851F,15409.0,0.7220570000000001
53,5400018080,256,278,0.79,1,,20.25,1,3FE947AE147AE148,4034400000000000,14404.0,0.6300250000000001
53,5400018080,257,24,0.88,1,S,28.4,1,3FEC28F5C28F5C29,403C666666666666,13162.0,0.63008
53,5400018080,258,27,0.89,1,,21.46,1,3FEC7AE147AE147B,403575C28F5C28F6,12140.0,0.699006
53,5400018080,259,28,0.89,1,,16.85,1,3FEC7AE147AE147B,4030D9999999999A,8328.0,0.740035
53,5400018080,260,35,0.89,1,,16.85,1,3FEC7AE147AE147B,4030D9999999999A,15645.0,0.740035
53,5400018080,261,42,0.89,1,,16.85,1,3FEC7AE147AE147B,4030D9999999999A,15802.0,0.740035
53,5400018080,262,22,0.89,1,,16.85,1,3FEC7AE147AE147B,4030D9999999999A,14553.0,0.740035
53,5400018080,263,41,0.89,1,,16.85,1,3FEC7AE147AE147B,4030D9999999999A,14319.0,0.740035
53,5400018080,264,15,0.89,1,,16.85,1,3FEC7AE147AE147B,4030D9999999999A,14437.0,0.740035
53,5400018080,265,232,0.75,1,S,5.33,1,3FE8000000000000,401551EB851EB852,15478.0,0.710025
53,5400018080,266,22,0.89,1,,16.85,1,3FEC7AE147AE147B,4030D9999999999A,8256.0,0.740035
53,5400018080,267,41,0.89,1,,16.85,1,3FEC7AE147AE147B,4030D9999999999A,12626.0,0.740035
53,5400018080,268,15,0.89,1,,16.85,1,3FEC7AE147AE147B,4030D9999999999A,11872.0,0.740035
53,5400018080,269,232,0.75,1,S,5.33,1,3FE8000000000000,401551EB851EB852,9954.0,0.710025
53,5400018080,270,16,0.89,1,,18.53,1,3FEC7AE147AE147B,403287AE147AE148,12020.0,0.725083
53,5400018080,271,16,0.89,1,,16.85,1,3FEC7AE147AE147B,4030D9999999999A,15083.0,0.740035
53,5400018080,272,3,0.89,1,,16.85,1,3FEC7AE147AE147B,4030D9999999999A,11223.0,0.740035
53,5400018080,273,91,0.75,1,S,16.0,1,3FE8000000000000,4030000000000000,12983.0,0.63
53,5400018080,274,11,0.89,1,,28.08,1,3FEC7AE147AE147B,403C147AE147AE14,9089.0,0.6400880000000001
53,5400018080,275,15,0.89,1,,16.85,1,3FEC7AE147AE147B,4030D9999999999A,9328.0,0.740035
53,5400018080,276,24,0.89,1,,16.85,1,3FEC7AE147AE147B,4030D9999999999A,11679.0,0.740035
53,5400018080,277,16,0.89,1,,21.48,1,3FEC7AE147AE147B,40357AE147AE147B,12706.0,0.698828
53,5400018080,280,18,0.89,1,,16.85,1,3FEC7AE147AE147B,4030D9999999999A,12623.0,0.740035
53,5400018080,281,41,0.89,1,,16.85,1,3FEC7AE147AE147B,4030D9999999999A,12635.0,0.740035
53,5400018080,282,19,0.89,1,,16.85,1,3FEC7AE147AE147B,4030D9999999999A,11725.0,0.740035
53,5400018080,283,7,0.89,1,,18.29,1,3FEC7AE147AE147B,40324A3D70A3D70A,13338.0,0.7272190000000001
53,5400018080,284,34,0.9,1,,18.36,1,3FECCCCCCCCCCCCD,40325C28F5C28F5C,9022.0,0.7347600000000001
53,5400018080,285,22,0.93,1,,21.89,1,3FEDC28F5C28F5C3,4035E3D70A3D70A4,11054.0,0.726423
53,5400018080,286,175,0.75,1,S,8.0,1,3FE8000000000000,4020000000000000,12119.0,0.6900000000000001
53,5400018080,287,29,0.93,1,,22.36,1,3FEDC28F5C28F5C3,40365C28F5C28F5C,14161.0,0.722052
53,5400018080,288,15,0.93,1,,20.21,1,3FEDC28F5C28F5C3,403435C28F5C28F6,12082.0,0.7420470000000001
53,5400018080,289,21,0.93,1,,20.21,1,3FEDC28F5C28F5C3,403435C28F5C28F6,12692.0,0.7420470000000001
53,5400018080,290,8,0.93,1,,20.21,1,3FEDC28F5C28F5C3,403435C28F5C28F6,12559.0,0.7420470000000001
53,5400018080,291,17,0.93,1,,20.21,1,3FEDC28F5C28F5C3,403435C28F5C28F6,10747.0,0.7420470000000001
53,5400018080,292,17,0.93,1,,19.99,1,3FEDC28F5C28F5C3,4033FD70A3D70A3D,11165.0,0.7440930000000001
53,5400018080,293,15,0.93,1,,21.02,1,3FEDC28F5C28F5C3,4035051EB851EB85,12865.0,0.7345140000000001
53,5400018080,294,33,0.89,1,,20.55,1,3FEC7AE147AE147B,40348CCCCCCCCCCD,12842.0,0.707105
53,5400018080,295,17,0.93,1,,22.49,1,3FEDC28F5C28F5C3,40367D70A3D70A3D,12133.0,0.720843
53,5400018080,296,17,0.93,1,,18.38,1,3FEDC28F5C28F5C3,40326147AE147AE1,14190.0,0.759066
53,5400018080,297,9,0.93,1,,18.38,1,3FEDC28F5C28F5C3,40326147AE147AE1,13800.0,0.759066
53,5400018080,298,23,0.93,1,,18.38,1,3FEDC28F5C28F5C3,40326147AE147AE1,12958.0,0.759066
53,5400018080,299,22,0.93,1,,18.38,1,3FEDC28F5C28F5C3,40326147AE147AE1,11307.0,0.759066
53,5400018080,300,20,0.93,1,,18.38,1,3FEDC28F5C28F5C3,40326147AE147AE1,11832.0,0.759066
53,5400018080,301,45,0.93,1,,18.38,1,3FEDC28F5C28F5C3,40326147AE147AE1,13100.0,0.759066
53,5400018080,302,26,0.93,1,,18.38,1,3FEDC28F5C28F5C3,40326147AE147AE1,12144.0,0.759066
53,5400018080,303,0,0.0,1,,0.0,1,0000000000000000,0000000000000000,13181.0,0.0
53,5400018080,304,1,0.93,1,,18.38,1,3FEDC28F5C28F5C3,40326147AE147AE1,12928.0,0.759066
53,5400018080,305,0,0.0,1,,0.0,1,0000000000000000,0000000000000000,14180.0,0.0
53,5400018080,306,8,0.59,1,,-28.64,1,3FE2E147AE147AE1,C03CA3D70A3D70A4,13246.0,0.758976
53,5400018080,307,7,0.59,1,,-28.64,1,3FE2E147AE147AE1,C03CA3D70A3D70A4,13165.0,0.758976
53,5400018080,308,0,0.0,1,,0.0,1,0000000000000000,0000000000000000,8941.0,0.0
53,5400018080,309,0,0.0,1,,0.0,1,0000000000000000,0000000000000000,11602.0,0.0
53,5400018080,310,1,0.59,1,,-28.64,1,3FE2E147AE147AE1,C03CA3D70A3D70A4,11812.0,0.758976
53,5400018080,311,0,0.0,1,,0.0,1,0000000000000000,0000000000000000,13053.0,0.0
53,5400018080,312,0,0.0,1,,0.0,1,0000000000000000,0000000000000000,13259.0,0.0
53,5400018080,313,0,0.0,1,,0.0,1,0000000000000000,0000000000000000,13226.0,0.0
53,5400018080,314,0,0.0,1,,0.0,1,0000000000000000,0000000000000000,12738.0,0.0
53,5400018080,315,1,0.59,1,,-28.64,1,3FE2E147AE147AE1,C03CA3D70A3D70A4,13256.0,0.758976
53,5400018080,316,0,0.0,1,,0.0,1,0000000000000000,0000000000000000,13332.0,0.0
53,5400018080,317,0,0.0,1,,0.0,1,0000000000000000,0000000000000000,13414.0,0.0
53,5400018080,318,0,0.0,1,,0.0,1,0000000000000000,0000000000000000,13428.0,0.0
53,5400018080,319,0,0.0,1,,0.0,1,0000000000000000,0000000000000000,11840.0,0.0
53,5400018080,320,0,0.0,1,,0.0,1,0000000000000000,0000000000000000,12092.0,0.0
53,5400018080,321,0,0.0,1,,0.0,1,0000000000000000,0000000000000000,12206.0,0.0
53,5400018080,322,0,0.0,1,,0.0,1,0000000000000000,0000000000000000,12639.0,0.0
53,5400018080,323,0,0.0,1,,0.0,1,0000000000000000,0000000000000000,12089.0,0.0
53,5400018080,324,0,0.0,1,,0.0,1,0000000000000000,0000000000000000,10812.0,0.0
53,5400018080,325,0,0.0,1,,0.0,1,0000000000000000,0000000000000000,12743.0,0.0
53,5400018080,326,0,0.0,1,,0.0,1,0000000000000000,0000000000000000,11792.0,0.0
53,5400018080,327,0,0.0,1,,0.0,1,0000000000000000,0000000000000000,12668.0,0.0
53,5400018080,328,0,0.0,1,,0.0,1,0000000000000000,0000000000000000,11414.0,0.0
53,5400018080,329,0,0.0,1,,0.0,1,0000000000000000,0000000000000000,10598.0,0.0
53,5400018080,330,0,0.0,1,,0.0,1,0000000000000000,0000000000000000,12385.0,0.0
53,5400018080,331,0,0.0,1,,0.0,1,0000000000000000,0000000000000000,11149.0,0.0
53,5400018080,332,0,0.0,1,,0.0,1,0000000000000000,0000000000000000,10476.0,0.0
53,5400018080,333,0,0.0,1,,0.0,1,0000000000000000,0000000000000000,10825.0,0.0
53,5400018080,334,0,0.0,1,,0.0,1,0000000000000000,0000000000000000,10827.0,0.0
53,5400018080,335,0,0.0,1,,0.0,1,0000000000000000,0000000000000000,13063.0,0.0
53,5400018080,336,0,0.0,1,,0.0,1,0000000000000000,0000000000000000,14162.0,0.0
53,5400018080,337,0,0.0,1,,0.0,1,0000000000000000,0000000000000000,9536.0,0.0
53,5400018080,338,0,0.0,1,,0.0,1,0000000000000000,0000000000000000,11513.0,0.0
53,5400018080,339,0,0.0,1,,0.0,1,0000000000000000,0000000000000000,12628.0,0.0
53,5400018080,344,0,0.0,1,,0.0,1,0000000000000000,0000000000000000,11067.0,0.0
53,5400018080,345,0,0.0,1,,0.0,1,0000000000000000,0000000000000000,12441.0,0.0
53,5400018080,346,0,0.0,1,,0.0,1,0000000000000000,0000000000000000,12348.0,0.0
53,5400018080,347,0,0.0,1,,0.0,1,0000000000000000,0000000000000000,13012.0,0.0
53,5400018080,348,0,0.0,1,,0.0,1,0000000000000000,0000000000000000,13254.0,0.0
53,5400018080,349,0,0.0,1,,0.0,1,0000000000000000,0000000000000000,13332.0,0.0
53,5400018080,350,0,0.0,1,,0.0,1,0000000000000000,0000000000000000,12039.0,0.0
53,5400018080,351,0,0.0,1,,0.0,1,0000000000000000,0000000000000000,11447.0,0.0
53,5400018080,352,0,0.0,1,,0.0,1,0000000000000000,0000000000000000,12585.0,0.0
53,5400018080,353,0,0.0,1,,0.0,1,0000000000000000,0000000000000000,13174.0,0.0
53,5400018080,354,0,0.0,1,,0.0,1,0000000000000000,0000000000000000,11801.0,0.0
53,5400018080,355,0,0.0,1,,0.0,1,0000000000000000,0000000000000000,14474.0,0.0
53,5400018080,358,8,0.59,1,,-28.64,1,3FE2E147AE147AE1,C03CA3D70A3D70A4,14135.0,0.758976
53,5400018080,359,7,0.59,1,,-28.64,1,3FE2E147AE147AE1,C03CA3D70A3D70A4,12670.0,0.758976
53,5400018080,360,0,0.0,1,,0.0,1,0000000000000000,0000000000000000,12365.0,0.0
53,5400018080,361,0,0.0,1,,0.0,1,0000000000000000,0000000000000000,12520.0,0.0
53,5400018080,362,0,0.0,1,,0.0,1,0000000000000000,0000000000000000,10273.0,0.0
53,5400018080,363,0,0.0,1,,0.0,1,0000000000000000,0000000000000000,12756.0,0.0
53,5400018080,364,0,0.0,1,,0.0,1,0000000000000000,0000000000000000,13333.0,0.0
53,5400018080,365,0,0.0,1,,0.0,1,0000000000000000,0000000000000000,13867.0,0.0
53,5400018080,366,0,0.0,1,,0.0,1,0000000000000000,0000000000000000,12729.0,0.0
53,5400018080,367,0,0.0,1,,0.0,1,0000000000000000,0000000000000000,12615.0,0.0
53,5400018080,368,0,0.0,1,,0.0,1,0000000000000000,0000000000000000,13523.0,0.0
53,5400018080,369,0,0.0,1,,0.0,1,0000000000000000,0000000000000000,11883.0,0.0
53,5400018080,372,0,0.0,1,,0.0,1,0000000000000000,0000000000000000,6929.0,0.0
53,5400018080,373,0,0.0,1,,0.0,1,0000000000000000,0000000000000000,10054.0,0.0
53,5400018080,374,0,0.0,1,,0.0,1,0000000000000000,0000000000000000,9959.0,0.0
53,5400018080,375,0,0.0,1,,0.0,1,0000000000000000,0000000000000000,12190.0,0.0
