STORE,UPC,WEEK,MOVE,QTY,PRICE,SALE,PROFIT,OK,PRICE_HEX,PROFIT_HEX,CUSTOMCOUNT,COSTPRICE
132,4180071600,1,0,1,0.0,,0.0,1,0000000000000000,0000000000000000,22159.0,0.0
132,4180071600,2,0,1,0.0,,0.0,1,0000000000000000,0000000000000000,22727.0,0.0
132,4180071600,3,0,1,0.0,,0.0,1,0000000000000000,0000000000000000,22237.0,0.0
132,4180071600,4,0,1,0.0,,0.0,1,0000000000000000,0000000000000000,23014.0,0.0
132,4180071600,5,0,1,0.0,,0.0,1,0000000000000000,0000000000000000,23401.0,0.0
132,4180071600,6,0,1,0.0,,0.0,1,0000000000000000,0000000000000000,22265.0,0.0
132,4180071600,7,0,1,0.0,,0.0,1,0000000000000000,0000000000000000,23351.0,0.0
132,4180071600,8,0,1,0.0,,0.0,1,0000000000000000,0000000000000000,23023.0,0.0
132,4180071600,9,30,1,2.79,,44.09,1,400651EB851EB852,40460B851EB851EC,21969.0,1.559889
132,4180071600,10,128,1,2.79,,44.09,1,400651EB851EB852,40460B851EB851EC,28406.0,1.559889
132,4180071600,11,0,1,0.0,,0.0,1,0000000000000000,0000000000000000,20926.0,0.0
132,4180071600,12,0,1,0.0,,0.0,1,0000000000000000,0000000000000000,22378.0,0.0
132,4180071600,13,0,1,0.0,,0.0,0,0000000000000000,0000000000000000,22699.0,0.0
132,4180071600,14,0,1,0.0,,0.0,1,0000000000000000,0000000000000000,28626.0,0.0
132,4180071600,15,0,1,0.0,,0.0,1,0000000000000000,0000000000000000,24877.0,0.0
132,4180071600,16,0,1,0.0,,0.0,1,0000000000000000,0000000000000000,23213.0,0.0
132,4180071600,17,0,1,0.0,,0.0,1,0000000000000000,0000000000000000,20554.0,0.0
132,4180071600,18,0,1,0.0,,0.0,1,0000000000000000,0000000000000000,19929.0,0.0
132,4180071600,19,0,1,0.0,,0.0,0,0000000000000000,0000000000000000,20249.0,0.0
132,4180071600,20,0,1,0.0,,0.0,0,0000000000000000,0000000000000000,21376.0,0.0
132,4180071600,21,0,1,0.0,,0.0,1,0000000000000000,0000000000000000,21566.0,0.0
132,4180071600,22,0,1,0.0,,0.0,1,0000000000000000,0000000000000000,22237.0,0.0
132,4180071600,23,0,1,0.0,,0.0,1,0000000000000000,0000000000000000,21731.0,0.0
132,4180071600,24,0,1,0.0,,0.0,1,0000000000000000,0000000000000000,20494.0,0.0
132,4180071600,25,0,1,0.0,,0.0,1,0000000000000000,0000000000000000,21892.0,0.0
132,4180071600,26,0,1,0.0,,0.0,1,0000000000000000,0000000000000000,21681.0,0.0
132,4180071600,27,0,1,0.0,,0.0,1,0000000000000000,0000000000000000,21835.0,0.0
132,4180071600,28,0,1,0.0,,0.0,1,0000000000000000,0000000000000000,22240.0,0.0
132,4180071600,29,0,1,0.0,,0.0,1,0000000000000000,0000000000000000,21911.0,0.0
132,4180071600,30,0,1,0.0,,0.0,1,0000000000000000,0000000000000000,24446.0,0.0
132,4180071600,31,0,1,0.0,,0.0,1,0000000000000000,0000000000000000,24001.0,0.0
132,4180071600,32,0,1,0.0,,0.0,1,0000000000000000,0000000000000000,21164.0,0.0
132,4180071600,33,0,1,0.0,,0.0,1,0000000000000000,0000000000000000,23274.0,0.0
132,4180071600,34,0,1,0.0,,0.0,1,0000000000000000,0000000000000000,23489.0,0.0
132,4180071600,35,0,1,0.0,,0.0,1,0000000000000000,0000000000000000,25476.0,0.0
132,4180071600,36,0,1,0.0,,0.0,1,0000000000000000,0000000000000000,23571.0,0.0
132,4180071600,37,0,1,0.0,,0.0,1,0000000000000000,0000000000000000,24816.0,0.0
132,4180071600,38,0,1,0.0,,0.0,1,0000000000000000,0000000000000000,25017.0,0.0
132,4180071600,39,0,1,0.0,,0.0,1,0000000000000000,0000000000000000,24390.0,0.0
132,4180071600,40,0,1,0.0,,0.0,1,0000000000000000,0000000000000000,25313.0,0.0
132,4180071600,41,0,1,0.0,,0.0,1,0000000000000000,0000000000000000,24414.0,0.0
132,4180071600,42,0,1,0.0,,0.0,1,0000000000000000,0000000000000000,28563.0,0.0
132,4180071600,43,0,1,0.0,,0.0,1,0000000000000000,0000000000000000,23800.0,0.0
132,4180071600,44,0,1,0.0,,0.0,1,0000000000000000,0000000000000000,24088.0,0.0
132,4180071600,45,0,1,0.0,,0.0,1,0000000000000000,0000000000000000,24911.0,0.0
132,4180071600,46,0,1,0.0,,0.0,1,0000000000000000,0000000000000000,23669.0,0.0
132,4180071600,47,0,1,0.0,,0.0,1,0000000000000000,0000000000000000,23553.0,0.0
132,4180071600,48,0,1,0.0,,0.0,1,0000000000000000,0000000000000000,23635.0,0.0
132,4180071600,49,0,1,0.0,,0.0,1,0000000000000000,0000000000000000,24341.0,0.0
132,4180071600,50,0,1,0.0,,0.0,1,0000000000000000,0000000000000000,24687.0,0.0
132,4180071600,51,0,1,0.0,,0.0,1,0000000000000000,0000000000000000,26265.0,0.0
132,4180071600,52,0,1,0.0,,0.0,1,0000000000000000,0000000000000000,22855.0,0.0
132,4180071600,53,0,1,0.0,,0.0,1,0000000000000000,0000000000000000,23180.0,0.0
132,4180071600,54,2,1,2.79,,32.01,1,400651EB851EB852,40400147AE147AE1,23505.0,1.896921
132,4180071600,55,2,1,2.79,,32.01,1,400651EB851EB852,40400147AE147AE1,24840.0,1.896921
132,4180071600,56,7,1,2.79,,32.01,1,400651EB851EB852,40400147AE147AE1,23007.0,1.896921
132,4180071600,57,7,1,2.54,B,25.31,1,400451EB851EB852,40394F5C28F5C28F,23430.0,1.897126
132,4180071600,58,12,1,2.54,B,25.31,1,400451EB851EB852,40394F5C28F5C28F,23648.0,1.897126
132,4180071600,59,8,1,2.54,B,25.31,1,400451EB851EB852,40394F5C28F5C28F,24431.0,1.897126
132,4180071600,60,7,1,2.54,B,25.31,1,400451EB851EB852,40394F5C28F5C28F,19698.0,1.897126
132,4180071600,61,9,1,2.54,B,25.31,1,400451EB851EB852,40394F5C28F5C28F,22059.0,1.897126
132,4180071600,62,58,1,2.79,,32.01,1,400651EB851EB852,40400147AE147AE1,31516.0,1.896921
132,4180071600,63,20,1,2.79,,32.01,1,400651EB851EB852,40400147AE147AE1,21563.0,1.896921
132,4180071600,64,18,1,2.79,,32.01,1,400651EB851EB852,40400147AE147AE1,22579.0,1.896921
132,4180071600,65,27,1,2.79,,32.01,1,400651EB851EB852,40400147AE147AE1,24787.0,1.896921
132,4180071600,66,82,2,5.0,B,24.12,1,4014000000000000,40381EB851EB851F,27068.0,1.897
132,4180071600,67,149,1,2.79,B,32.01,1,400651EB851EB852,40400147AE147AE1,28036.0,1.896921
132,4180071600,68,40,1,2.54,B,25.31,1,400451EB851EB852,40394F5C28F5C28F,26905.0,1.897126
132,4180071600,69,9,1,2.79,B,32.01,1,400651EB851EB852,40400147AE147AE1,24866.0,1.896921
132,4180071600,70,15,1,2.79,,32.01,1,400651EB851EB852,40400147AE147AE1,22822.0,1.896921
132,4180071600,71,0,1,0.0,,0.0,1,0000000000000000,0000000000000000,23368.0,0.0
132,4180071600,72,6,1,2.54,B,25.31,1,400451EB851EB852,40394F5C28F5C28F,22694.0,1.897126
132,4180071600,73,12,1,2.54,,25.31,1,400451EB851EB852,40394F5C28F5C28F,25633.0,1.897126
132,4180071600,74,6,1,2.54,B,25.31,1,400451EB851EB852,40394F5C28F5C28F,23596.0,1.897126
132,4180071600,75,4,1,2.79,,32.01,1,400651EB851EB852,40400147AE147AE1,22620.0,1.896921
132,4180071600,76,3,1,2.79,,32.01,1,400651EB851EB852,40400147AE147AE1,23416.0,1.896921
132,4180071600,77,4,1,2.79,,32.01,1,400651EB851EB852,40400147AE147AE1,25349.0,1.896921
132,4180071600,78,8,1,2.79,,32.01,1,400651EB851EB852,40400147AE147AE1,21776.0,1.896921
132,4180071600,79,8,1,2.79,,32.01,1,400651EB851EB852,40400147AE147AE1,25899.0,1.896921
132,4180071600,80,4,1,2.79,,32.01,1,400651EB851EB852,40400147AE147AE1,24836.0,1.896921
132,4180071600,81,9,1,2.79,,32.01,1,400651EB851EB852,40400147AE147AE1,26493.0,1.896921
132,4180071600,82,8,1,2.54,,25.31,1,400451EB851EB852,40394F5C28F5C28F,23231.0,1.897126
132,4180071600,83,5,1,2.54,B,25.31,1,400451EB851EB852,40394F5C28F5C28F,23859.0,1.897126
132,4180071600,84,5,1,2.54,B,25.31,1,400451EB851EB852,40394F5C28F5C28F,24690.0,1.897126
132,4180071600,85,4,1,2.54,,25.31,1,400451EB851EB852,40394F5C28F5C28F,23187.0,1.897126
132,4180071600,86,8,1,2.54,B,25.31,1,400451EB851EB852,40394F5C28F5C28F,25709.0,1.897126
132,4180071600,87,3,1,2.79,,32.01,1,400651EB851EB852,40400147AE147AE1,26110.0,1.896921
132,4180071600,88,1,1,2.79,,32.01,1,400651EB851EB852,40400147AE147AE1,23736.0,1.896921
132,4180071600,89,2,1,2.54,B,25.31,1,400451EB851EB852,40394F5C28F5C28F,26612.0,1.897126
132,4180071600,90,7,1,2.54,B,25.31,1,400451EB851EB852,40394F5C28F5C28F,26053.0,1.897126
132,4180071600,91,4,1,2.54,,25.31,1,400451EB851EB852,40394F5C28F5C28F,22006.0,1.897126
132,4180071600,92,4,1,2.54,B,25.31,1,400451EB851EB852,40394F5C28F5C28F,25414.0,1.897126
132,4180071600,93,5,1,2.54,,25.31,1,400451EB851EB852,40394F5C28F5C28F,25169.0,1.897126
132,4180071600,94,5,1,2.54,,25.31,1,400451EB851EB852,40394F5C28F5C28F,26202.0,1.897126
132,4180071600,95,4,1,2.66,,28.68,1,400547AE147AE148,403CAE147AE147AE,24003.0,1.8971120000000004
132,4180071600,96,4,1,2.79,,32.0,1,400651EB851EB852,4040000000000000,24779.0,1.8972
132,4180071600,97,5,1,2.79,,32.0,1,400651EB851EB852,4040000000000000,24431.0,1.8972
132,4180071600,98,2,1,2.79,,32.0,1,400651EB851EB852,4040000000000000,25253.0,1.8972
132,4180071600,99,3,1,2.79,,32.0,1,400651EB851EB852,4040000000000000,25097.0,1.8972
132,4180071600,100,0,1,0.0,,0.0,1,0000000000000000,0000000000000000,24314.0,0.0
132,4180071600,101,5,1,2.79,,32.0,1,400651EB851EB852,4040000000000000,24345.0,1.8972
132,4180071600,102,3,1,2.79,,32.0,1,400651EB851EB852,4040000000000000,25674.0,1.8972
132,4180071600,103,1,1,2.79,,32.0,1,400651EB851EB852,4040000000000000,26961.0,1.8972
132,4180071600,104,0,1,0.0,,0.0,1,0000000000000000,0000000000000000,26095.0,0.0
132,4180071600,105,2,1,2.79,,32.0,1,400651EB851EB852,4040000000000000,27694.0,1.8972
132,4180071600,106,1,1,2.79,,32.0,1,400651EB851EB852,4040000000000000,28256.0,1.8972
132,4180071600,107,4,1,2.79,,32.0,1,400651EB851EB852,4040000000000000,26337.0,1.8972
132,4180071600,108,3,1,2.62,,27.59,1,4004F5C28F5C28F6,403B970A3D70A3D7,27296.0,1.897142
132,4180071600,109,5,1,2.54,B,35.15,1,400451EB851EB852,4041933333333333,27244.0,1.6471900000000002
132,4180071600,110,7,1,2.54,B,35.15,1,400451EB851EB852,4041933333333333,31334.0,1.6471900000000002
132,4180071600,111,5,1,2.54,B,35.15,1,400451EB851EB852,4041933333333333,30140.0,1.6471900000000002
132,4180071600,112,16,1,2.54,B,35.15,1,400451EB851EB852,4041933333333333,25584.0,1.6471900000000002
132,4180071600,113,32,1,2.54,B,35.15,1,400451EB851EB852,4041933333333333,26858.0,1.6471900000000002
132,4180071600,114,23,1,2.6,B,36.65,1,4004CCCCCCCCCCCD,4042533333333333,26102.0,1.6471
132,4180071600,115,84,1,2.79,,40.96,1,400651EB851EB852,40447AE147AE147B,33261.0,1.647216
132,4180071600,116,39,1,2.79,,37.77,1,400651EB851EB852,4042E28F5C28F5C3,23548.0,1.736217
132,4180071600,117,64,1,2.25,B,21.24,1,4002000000000000,40353D70A3D70A3D,26673.0,1.7721000000000002
132,4180071600,118,117,1,2.32,B,29.0,1,40028F5C28F5C28F,403D000000000000,28251.0,1.6471999999999998
132,4180071600,119,327,1,2.54,B,35.15,1,400451EB851EB852,4041933333333333,31318.0,1.6471900000000002
132,4180071600,120,337,1,2.54,B,35.15,1,400451EB851EB852,4041933333333333,27457.0,1.6471900000000002
132,4180071600,121,19,1,2.54,B,35.15,1,400451EB851EB852,4041933333333333,27480.0,1.6471900000000002
132,4180071600,122,24,1,2.54,B,35.15,1,400451EB851EB852,4041933333333333,24768.0,1.6471900000000002
132,4180071600,123,15,1,2.67,B,38.31,1,40055C28F5C28F5C,404327AE147AE148,26408.0,1.647123
132,4180071600,124,19,1,2.79,,40.96,1,400651EB851EB852,40447AE147AE147B,27446.0,1.647216
132,4180071600,125,14,1,2.79,,33.29,1,400651EB851EB852,4040A51EB851EB85,25809.0,1.861209
132,4180071600,126,22,1,2.79,,32.0,1,400651EB851EB852,4040000000000000,26074.0,1.8972
132,4180071600,127,44,1,2.79,,32.0,1,400651EB851EB852,4040000000000000,29046.0,1.8972
132,4180071600,128,23,1,2.79,,32.0,1,400651EB851EB852,4040000000000000,25310.0,1.8972
132,4180071600,129,30,1,2.69,,29.47,1,4005851EB851EB85,403D7851EB851EB8,26128.0,1.897257
132,4180071600,130,23,1,2.79,,32.0,1,400651EB851EB852,4040000000000000,28128.0,1.8972
132,4180071600,131,12,1,2.79,,32.0,1,400651EB851EB852,4040000000000000,26586.0,1.8972
132,4180071600,132,20,1,2.79,,32.9,1,400651EB851EB852,4040733333333333,27172.0,1.87209
132,4180071600,133,18,1,2.79,,40.96,1,400651EB851EB852,40447AE147AE147B,27825.0,1.647216
132,4180071600,134,5,1,2.65,B,37.84,1,4005333333333333,4042EB851EB851EC,25441.0,1.6472399999999998
132,4180071600,135,5,1,2.65,B,37.84,1,4005333333333333,4042EB851EB851EC,28790.0,1.6472399999999998
132,4180071600,136,12,1,2.65,B,37.84,1,4005333333333333,4042EB851EB851EC,28539.0,1.6472399999999998
132,4180071600,137,11,1,2.7,B,39.0,1,400599999999999A,4043800000000000,25055.0,1.647
132,4180071600,138,2,1,2.79,,40.96,1,400651EB851EB852,40447AE147AE147B,26737.0,1.647216
132,4180071600,139,10,1,2.79,,32.0,1,400651EB851EB852,4040000000000000,28132.0,1.8972
132,4180071600,140,3,1,2.79,,35.01,1,400651EB851EB852,40418147AE147AE1,31902.0,1.813221
132,4180071600,141,3,1,2.79,,40.96,1,400651EB851EB852,40447AE147AE147B,29203.0,1.647216
132,4180071600,142,1,1,2.79,,40.96,1,400651EB851EB852,40447AE147AE147B,32517.0,1.647216
132,4180071600,143,3,1,2.79,,40.96,1,400651EB851EB852,40447AE147AE147B,26502.0,1.647216
132,4180071600,144,1,1,2.79,,40.96,1,400651EB851EB852,40447AE147AE147B,27363.0,1.647216
132,4180071600,145,6,1,2.79,,40.96,1,400651EB851EB852,40447AE147AE147B,27807.0,1.647216
132,4180071600,146,3,1,2.79,,40.96,1,400651EB851EB852,40447AE147AE147B,26193.0,1.647216
132,4180071600,147,1,1,2.79,,32.0,1,400651EB851EB852,4040000000000000,28801.0,1.8972
132,4180071600,148,3,1,2.79,,32.0,1,400651EB851EB852,4040000000000000,27130.0,1.8972
132,4180071600,149,1,1,2.79,,32.0,1,400651EB851EB852,4040000000000000,26395.0,1.8972
132,4180071600,150,6,1,2.79,,32.0,1,400651EB851EB852,4040000000000000,27091.0,1.8972
132,4180071600,151,1,1,2.79,,32.0,1,400651EB851EB852,4040000000000000,25428.0,1.8972
132,4180071600,152,3,1,2.79,,32.0,1,400651EB851EB852,4040000000000000,25905.0,1.8972
132,4180071600,153,7,1,2.79,,32.0,1,400651EB851EB852,4040000000000000,26777.0,1.8972
132,4180071600,154,5,1,2.79,,32.0,1,400651EB851EB852,4040000000000000,25682.0,1.8972
132,4180071600,155,1,1,2.79,,32.0,1,400651EB851EB852,4040000000000000,25204.0,1.8972
132,4180071600,156,3,1,2.79,,32.0,1,400651EB851EB852,4040000000000000,26000.0,1.8972
132,4180071600,157,3,1,2.79,,32.0,1,400651EB851EB852,4040000000000000,24605.0,1.8972
132,4180071600,158,2,1,2.79,,32.0,1,400651EB851EB852,4040000000000000,25843.0,1.8972
132,4180071600,159,3,1,2.79,,32.0,1,400651EB851EB852,4040000000000000,25688.0,1.8972
132,4180071600,160,25,1,2.79,,40.96,1,400651EB851EB852,40447AE147AE147B,26967.0,1.647216
132,4180071600,161,3,1,2.79,,40.96,1,400651EB851EB852,40447AE147AE147B,26232.0,1.647216
132,4180071600,162,5,1,2.79,,40.96,1,400651EB851EB852,40447AE147AE147B,28545.0,1.647216
132,4180071600,163,14,1,2.64,,37.61,1,40051EB851EB851F,4042CE147AE147AE,26782.0,1.647096
132,4180071600,164,41,1,2.54,B,35.15,1,400451EB851EB852,4041933333333333,25394.0,1.6471900000000002
132,4180071600,165,31,1,2.54,B,35.15,1,400451EB851EB852,4041933333333333,25440.0,1.6471900000000002
132,4180071600,166,71,1,1.99,S,17.23,1,3FFFD70A3D70A3D7,40313AE147AE147B,24374.0,1.647123
132,4180071600,167,133,1,2.54,,35.15,1,400451EB851EB852,4041933333333333,31172.0,1.6471900000000002
132,4180071600,168,58,1,2.54,,35.15,1,400451EB851EB852,4041933333333333,22270.0,1.6471900000000002
132,4180071600,169,34,1,2.54,,35.15,1,400451EB851EB852,4041933333333333,25227.0,1.6471900000000002
132,4180071600,170,88,1,2.54,,35.15,1,400451EB851EB852,4041933333333333,25332.0,1.6471900000000002
132,4180071600,171,128,1,2.39,,31.08,1,40031EB851EB851F,403F147AE147AE14,31406.0,1.647188
132,4180071600,172,158,1,2.39,B,31.08,1,40031EB851EB851F,403F147AE147AE14,23148.0,1.647188
132,4180071600,173,302,1,2.39,B,31.08,1,40031EB851EB851F,403F147AE147AE14,24167.0,1.647188
132,4180071600,174,27,1,2.79,,36.98,1,400651EB851EB852,40427D70A3D70A3D,25113.0,1.7582580000000003
132,4180071600,175,6,1,2.79,,40.96,1,400651EB851EB852,40447AE147AE147B,23805.0,1.647216
132,4180071600,176,3,1,2.54,B,35.15,1,400451EB851EB852,4041933333333333,25076.0,1.6471900000000002
132,4180071600,177,7,1,2.54,B,35.15,1,400451EB851EB852,4041933333333333,24237.0,1.6471900000000002
132,4180071600,178,8,1,2.54,B,35.15,1,400451EB851EB852,4041933333333333,24027.0,1.6471900000000002
132,4180071600,179,61,1,2.53,B,34.9,1,40043D70A3D70A3D,4041733333333333,26197.0,1.64703
132,4180071600,180,24,1,2.51,B,28.16,1,4004147AE147AE14,403C28F5C28F5C29,22898.0,1.803184
132,4180071600,181,16,1,2.58,B,26.47,1,4004A3D70A3D70A4,403A7851EB851EB8,26505.0,1.897074
132,4180071600,182,18,1,2.79,,32.0,1,400651EB851EB852,4040000000000000,24436.0,1.8972
132,4180071600,183,11,1,2.79,,32.0,1,400651EB851EB852,4040000000000000,24185.0,1.8972
132,4180071600,184,10,1,2.79,,32.0,1,400651EB851EB852,4040000000000000,24619.0,1.8972
132,4180071600,185,10,1,2.79,,36.48,1,400651EB851EB852,40423D70A3D70A3D,24825.0,1.772208
132,4180071600,186,21,1,2.74,,39.89,1,4005EB851EB851EC,4043F1EB851EB852,24541.0,1.647014
132,4180071600,187,44,1,2.54,B,35.15,1,400451EB851EB852,4041933333333333,25342.0,1.6471900000000002
132,4180071600,188,5,1,2.54,B,35.15,1,400451EB851EB852,4041933333333333,24195.0,1.6471900000000002
132,4180071600,189,14,1,2.54,B,35.15,1,400451EB851EB852,4041933333333333,26474.0,1.6471900000000002
132,4180071600,190,9,1,2.54,B,35.15,1,400451EB851EB852,4041933333333333,25116.0,1.6471900000000002
132,4180071600,191,25,1,2.57,B,35.91,1,40048F5C28F5C28F,4041F47AE147AE14,26417.0,1.647113
132,4180071600,192,18,1,2.79,,34.01,1,400651EB851EB852,40410147AE147AE1,25102.0,1.841121
132,4180071600,193,24,1,2.79,,35.77,1,400651EB851EB852,4041E28F5C28F5C3,27595.0,1.792017
132,4180071600,194,9,1,2.79,,40.96,1,400651EB851EB852,40447AE147AE147B,27638.0,1.647216
132,4180071600,195,6,1,2.79,,40.96,1,400651EB851EB852,40447AE147AE147B,24564.0,1.647216
132,4180071600,196,8,1,2.79,,40.96,1,400651EB851EB852,40447AE147AE147B,26505.0,1.647216
132,4180071600,197,19,1,2.79,,40.96,1,400651EB851EB852,40447AE147AE147B,27482.0,1.647216
132,4180071600,198,8,1,2.79,,40.96,1,400651EB851EB852,40447AE147AE147B,27580.0,1.647216
132,4180071600,199,7,1,2.79,,40.96,1,400651EB851EB852,40447AE147AE147B,27998.0,1.647216
132,4180071600,200,10,1,2.79,,32.9,1,400651EB851EB852,4040733333333333,21952.0,1.87209
132,4180071600,201,5,1,2.79,,32.0,1,400651EB851EB852,4040000000000000,22956.0,1.8972
132,4180071600,202,5,1,2.79,,32.0,1,400651EB851EB852,4040000000000000,22240.0,1.8972
132,4180071600,203,2,1,2.79,,32.0,1,400651EB851EB852,4040000000000000,20858.0,1.8972
132,4180071600,204,1,1,2.79,,32.0,1,400651EB851EB852,4040000000000000,25395.0,1.8972
132,4180071600,205,7,1,2.79,,32.0,1,400651EB851EB852,4040000000000000,26200.0,1.8972
132,4180071600,206,7,1,2.79,,32.0,1,400651EB851EB852,4040000000000000,25007.0,1.8972
132,4180071600,207,4,1,2.79,,32.0,1,400651EB851EB852,4040000000000000,24203.0,1.8972
132,4180071600,208,10,1,2.79,,32.0,1,400651EB851EB852,4040000000000000,27030.0,1.8972
132,4180071600,209,4,1,2.79,,32.0,1,400651EB851EB852,4040000000000000,26534.0,1.8972
132,4180071600,210,2,1,2.79,,36.48,1,400651EB851EB852,40423D70A3D70A3D,24671.0,1.772208
132,4180071600,211,8,1,2.79,,40.96,1,400651EB851EB852,40447AE147AE147B,24618.0,1.647216
132,4180071600,212,3,1,2.79,,40.96,1,400651EB851EB852,40447AE147AE147B,23171.0,1.647216
132,4180071600,213,7,1,2.79,,40.96,1,400651EB851EB852,40447AE147AE147B,25215.0,1.647216
132,4180071600,214,6,1,2.79,,40.96,1,400651EB851EB852,40447AE147AE147B,25976.0,1.647216
132,4180071600,215,13,1,2.79,,40.96,1,400651EB851EB852,40447AE147AE147B,21425.0,1.647216
132,4180071600,216,42,1,2.76,,40.32,1,4006147AE147AE14,404428F5C28F5C29,25218.0,1.647168
132,4180071600,217,48,1,2.55,B,35.41,1,4004666666666666,4041B47AE147AE14,19686.0,1.647045
132,4180071600,218,48,1,2.55,B,35.41,1,4004666666666666,4041B47AE147AE14,24326.0,1.647045
132,4180071600,219,0,1,0.0,,0.0,0,0000000000000000,0000000000000000,29235.0,0.0
132,4180071600,220,84,1,2.55,B,35.41,1,4004666666666666,4041B47AE147AE14,21916.0,1.647045
132,4180071600,221,40,1,2.79,,40.96,1,400651EB851EB852,40447AE147AE147B,25393.0,1.647216
132,4180071600,222,50,1,2.72,,39.44,1,4005C28F5C28F5C3,4043B851EB851EB8,25200.0,1.6472320000000005
132,4180071600,223,131,1,2.55,B,35.41,1,4004666666666666,4041B47AE147AE14,30676.0,1.647045
132,4180071600,224,188,1,2.55,B,35.41,1,4004666666666666,4041B47AE147AE14,24197.0,1.647045
132,4180071600,225,135,1,2.55,B,35.41,1,4004666666666666,4041B47AE147AE14,26768.0,1.647045
132,4180071600,226,3,1,2.55,B,35.41,1,4004666666666666,4041B47AE147AE14,24843.0,1.647045
132,4180071600,227,9,1,2.79,,40.96,1,400651EB851EB852,40447AE147AE147B,21994.0,1.647216
132,4180071600,228,4,1,2.79,,40.96,1,400651EB851EB852,40447AE147AE147B,23244.0,1.647216
132,4180071600,229,8,1,2.79,,40.96,1,400651EB851EB852,40447AE147AE147B,22083.0,1.647216
132,4180071600,230,1,1,2.79,,40.96,1,400651EB851EB852,40447AE147AE147B,22979.0,1.647216
132,4180071600,231,12,1,2.79,,40.96,1,400651EB851EB852,40447AE147AE147B,23315.0,1.647216
132,4180071600,232,1,1,2.79,,40.96,1,400651EB851EB852,40447AE147AE147B,22246.0,1.647216
132,4180071600,233,12,1,2.79,,40.96,1,400651EB851EB852,40447AE147AE147B,26513.0,1.647216
132,4180071600,234,10,1,2.79,,32.0,1,400651EB851EB852,4040000000000000,24686.0,1.8972
132,4180071600,235,7,1,2.79,,32.0,1,400651EB851EB852,4040000000000000,23223.0,1.8972
132,4180071600,236,9,1,2.79,,33.01,1,400651EB851EB852,40408147AE147AE1,19999.0,1.869021
132,4180071600,237,4,1,2.79,,40.96,1,400651EB851EB852,40447AE147AE147B,24772.0,1.647216
132,4180071600,238,19,1,2.79,,40.96,1,400651EB851EB852,40447AE147AE147B,24881.0,1.647216
132,4180071600,239,5,1,2.74,,39.89,1,4005EB851EB851EC,4043F1EB851EB852,21597.0,1.647014
132,4180071600,240,8,1,2.54,B,35.15,1,400451EB851EB852,4041933333333333,25147.0,1.6471900000000002
132,4180071600,241,5,1,2.54,B,35.15,1,400451EB851EB852,4041933333333333,23330.0,1.6471900000000002
132,4180071600,242,1,1,2.54,B,25.31,1,400451EB851EB852,40394F5C28F5C28F,23402.0,1.897126
132,4180071600,243,10,1,2.79,,32.0,1,400651EB851EB852,4040000000000000,19980.0,1.8972
132,4180071600,244,5,1,2.79,,37.38,1,400651EB851EB852,4042B0A3D70A3D71,25104.0,1.747098
132,4180071600,245,8,1,2.79,,40.96,1,400651EB851EB852,40447AE147AE147B,23401.0,1.647216
132,4180071600,246,8,1,2.79,,40.96,1,400651EB851EB852,40447AE147AE147B,25805.0,1.647216
132,4180071600,247,4,1,2.54,B,35.15,1,400451EB851EB852,4041933333333333,24229.0,1.6471900000000002
132,4180071600,248,4,1,2.54,B,35.15,1,400451EB851EB852,4041933333333333,23921.0,1.6471900000000002
132,4180071600,249,0,1,0.0,,0.0,1,0000000000000000,0000000000000000,20196.0,0.0
132,4180071600,250,0,1,0.0,,0.0,1,0000000000000000,0000000000000000,23435.0,0.0
132,4180071600,251,0,1,0.0,,0.0,1,0000000000000000,0000000000000000,25863.0,0.0
132,4180071600,252,0,1,0.0,,0.0,1,0000000000000000,0000000000000000,23334.0,0.0
132,4180071600,253,0,1,0.0,,0.0,1,0000000000000000,0000000000000000,24746.0,0.0
132,4180071600,254,0,1,0.0,,0.0,1,0000000000000000,0000000000000000,23125.0,0.0
132,4180071600,255,0,1,0.0,,0.0,1,0000000000000000,0000000000000000,24150.0,0.0
132,4180071600,256,0,1,0.0,,0.0,1,0000000000000000,0000000000000000,23394.0,0.0
132,4180071600,257,0,1,0.0,,0.0,1,0000000000000000,0000000000000000,20996.0,0.0
132,4180071600,258,0,1,0.0,,0.0,1,0000000000000000,0000000000000000,19268.0,0.0
132,4180071600,259,3,1,2.79,,32.0,1,400651EB851EB852,4040000000000000,12961.0,1.8972
132,4180071600,260,9,1,2.79,,32.0,1,400651EB851EB852,4040000000000000,24548.0,1.8972
132,4180071600,261,4,1,2.79,,32.0,1,400651EB851EB852,4040000000000000,23357.0,1.8972
132,4180071600,266,3,1,2.79,,32.0,1,400651EB851EB852,4040000000000000,12215.0,1.8972
132,4180071600,267,3,1,2.79,,40.96,1,400651EB851EB852,40447AE147AE147B,23837.0,1.647216
132,4180071600,268,1,1,2.54,B,35.15,1,400451EB851EB852,4041933333333333,20599.0,1.6471900000000002
132,4180071600,269,4,1,2.54,B,35.15,1,400451EB851EB852,4041933333333333,17034.0,1.6471900000000002
132,4180071600,270,6,1,2.54,B,35.15,1,400451EB851EB852,4041933333333333,19495.0,1.6471900000000002
132,4180071600,271,16,1,2.64,B,37.83,1,40051EB851EB851F,4042EA3D70A3D70A,28494.0,1.641288
132,4180071600,272,19,1,2.67,,38.35,1,40055C28F5C28F5C,40432CCCCCCCCCCD,20851.0,1.646055
132,4180071600,273,30,1,2.54,B,35.15,1,400451EB851EB852,4041933333333333,23358.0,1.6471900000000002
132,4180071600,274,29,1,2.54,B,35.15,1,400451EB851EB852,4041933333333333,16330.0,1.6471900000000002
132,4180071600,275,106,1,2.54,B,35.15,1,400451EB851EB852,4041933333333333,15382.0,1.6471900000000002
132,4180071600,276,73,1,2.54,B,35.15,1,400451EB851EB852,4041933333333333,24932.0,1.6471900000000002
132,4180071600,277,33,1,2.56,B,35.73,1,40047AE147AE147B,4041DD70A3D70A3D,24652.0,1.645312
132,4180071600,278,1,1,2.79,,32.0,1,400651EB851EB852,4040000000000000,23525.0,1.8972
132,4180071600,279,0,1,0.0,,0.0,1,0000000000000000,0000000000000000,23876.0,0.0
132,4180071600,280,279,1,2.5,B,34.12,1,4004000000000000,40410F5C28F5C28F,22256.0,1.6470000000000002
132,4180071600,281,317,1,2.5,B,27.55,1,4004000000000000,403B8CCCCCCCCCCD,23306.0,1.81125
132,4180071600,282,1,1,2.79,,32.0,1,400651EB851EB852,4040000000000000,21688.0,1.8972
132,4180071600,283,0,1,0.0,,0.0,1,0000000000000000,0000000000000000,25263.0,0.0
132,4180071600,286,4,1,2.79,,32.0,1,400651EB851EB852,4040000000000000,21817.0,1.8972
132,4180071600,287,2,1,2.79,,32.0,1,400651EB851EB852,4040000000000000,24515.0,1.8972
132,4180071600,288,3,1,2.79,,32.0,1,400651EB851EB852,4040000000000000,22612.0,1.8972
132,4180071600,289,4,1,2.79,,32.0,1,400651EB851EB852,4040000000000000,22496.0,1.8972
132,4180071600,290,11,1,2.79,,32.0,1,400651EB851EB852,4040000000000000,22556.0,1.8972
132,4180071600,291,14,1,2.79,,32.0,1,400651EB851EB852,4040000000000000,16518.0,1.8972
132,4180071600,292,17,1,2.79,,32.0,1,400651EB851EB852,4040000000000000,20723.0,1.8972
132,4180071600,293,3,1,2.79,,32.0,1,400651EB851EB852,4040000000000000,21963.0,1.8972
132,4180071600,294,6,1,2.79,,32.0,1,400651EB851EB852,4040000000000000,22696.0,1.8972
132,4180071600,295,3,1,2.79,,32.0,1,400651EB851EB852,4040000000000000,22021.0,1.8972
132,4180071600,296,19,1,2.79,,32.0,1,400651EB851EB852,4040000000000000,25424.0,1.8972
132,4180071600,297,4,1,2.79,,32.0,1,400651EB851EB852,4040000000000000,24233.0,1.8972
132,4180071600,298,5,1,2.79,,32.0,1,400651EB851EB852,4040000000000000,24257.0,1.8972
132,4180071600,299,7,1,2.79,,32.0,1,400651EB851EB852,4040000000000000,19980.0,1.8972
132,4180071600,300,0,1,0.0,,0.0,1,0000000000000000,0000000000000000,21340.0,0.0
132,4180071600,301,3,1,2.79,,32.0,1,400651EB851EB852,4040000000000000,24260.0,1.8972
132,4180071600,302,5,1,2.79,,51.89,1,400651EB851EB852,4049F1EB851EB852,19471.0,1.342269
132,4180071600,303,0,1,0.0,,0.0,1,0000000000000000,0000000000000000,25153.0,0.0
132,4180071600,304,0,1,0.0,,0.0,1,0000000000000000,0000000000000000,23498.0,0.0
132,4180071600,305,0,1,0.0,,0.0,1,0000000000000000,0000000000000000,25139.0,0.0
132,4180071600,306,0,1,0.0,,0.0,1,0000000000000000,0000000000000000,23321.0,0.0
132,4180071600,307,0,1,0.0,,0.0,1,0000000000000000,0000000000000000,23457.0,0.0
132,4180071600,308,0,1,0.0,,0.0,1,0000000000000000,0000000000000000,15701.0,0.0
132,4180071600,309,0,1,0.0,,0.0,1,0000000000000000,0000000000000000,20719.0,0.0
132,4180071600,310,0,1,0.0,,0.0,1,0000000000000000,0000000000000000,21018.0,0.0
132,4180071600,311,8,1,2.79,,30.91,1,400651EB851EB852,403EE8F5C28F5C29,23697.0,1.927611
132,4180071600,312,1,1,2.79,,34.05,1,400651EB851EB852,4041066666666666,25153.0,1.840005
132,4180071600,313,1,1,2.79,,34.05,1,400651EB851EB852,4041066666666666,23686.0,1.840005
132,4180071600,314,2,1,2.79,,29.42,1,400651EB851EB852,403D6B851EB851EC,22533.0,1.969182
132,4180071600,315,3,1,2.79,,38.38,1,400651EB851EB852,404330A3D70A3D71,23172.0,1.719198
132,4180071600,316,5,1,2.79,,38.38,1,400651EB851EB852,404330A3D70A3D71,24437.0,1.719198
132,4180071600,317,6,1,2.79,,38.38,1,400651EB851EB852,404330A3D70A3D71,24729.0,1.719198
132,4180071600,318,7,1,2.79,,38.38,1,400651EB851EB852,404330A3D70A3D71,23988.0,1.719198
132,4180071600,319,3,1,2.79,,38.38,1,400651EB851EB852,404330A3D70A3D71,22176.0,1.719198
132,4180071600,320,22,1,2.79,,38.38,1,400651EB851EB852,404330A3D70A3D71,23792.0,1.719198
132,4180071600,321,31,1,2.79,,38.38,1,400651EB851EB852,404330A3D70A3D71,22795.0,1.719198
132,4180071600,322,32,1,2.79,,38.38,1,400651EB851EB852,404330A3D70A3D71,23185.0,1.719198
132,4180071600,323,189,1,2.5,S,31.28,1,4004000000000000,403F47AE147AE148,24924.0,1.718
132,4180071600,324,130,1,2.59,,33.83,1,4004B851EB851EB8,4040EA3D70A3D70A,21214.0,1.7138029999999995
132,4180071600,325,42,1,2.79,,38.38,1,400651EB851EB852,404330A3D70A3D71,23994.0,1.719198
132,4180071600,326,45,1,2.68,B,36.02,1,400570A3D70A3D71,4042028F5C28F5C3,23754.0,1.714664
132,4180071600,327,113,1,2.5,B,31.24,1,4004000000000000,403F3D70A3D70A3D,25814.0,1.719
132,4180071600,328,212,1,2.5,B,31.24,1,4004000000000000,403F3D70A3D70A3D,26171.0,1.719
132,4180071600,329,324,1,2.5,B,26.564320988,1,4004000000000000,403A9077571A6BF6,24825.0,1.8358919753
132,4180071600,330,3,1,2.5,B,26.4,1,4004000000000000,403A666666666666,23478.0,1.84
132,4180071600,331,14,1,2.5,B,27.64,1,4004000000000000,403BA3D70A3D70A4,21298.0,1.809
132,4180071600,332,9,1,2.5,B,32.19,1,4004000000000000,40401851EB851EB8,19415.0,1.69525
132,4180071600,333,12,1,2.5,B,35.84,1,4004000000000000,4041EB851EB851EC,21911.0,1.604
132,4180071600,334,5,1,2.5,B,35.84,1,4004000000000000,4041EB851EB851EC,20975.0,1.604
132,4180071600,335,9,1,2.62,B,38.98,1,4004F5C28F5C28F6,40437D70A3D70A3D,25927.0,1.5987240000000005
132,4180071600,336,9,1,2.79,,42.5,1,400651EB851EB852,4045400000000000,24769.0,1.60425
132,4180071600,337,7,1,2.79,,42.5,1,400651EB851EB852,4045400000000000,18482.0,1.60425
132,4180071600,338,8,1,2.83,,43.32,1,4006A3D70A3D70A4,4045A8F5C28F5C29,22697.0,1.604044
132,4180071600,339,7,1,2.95,,45.62,1,400799999999999A,4046CF5C28F5C28F,24090.0,1.6042100000000004
132,4180071600,340,13,1,2.95,,45.62,1,400799999999999A,4046CF5C28F5C28F,23081.0,1.6042100000000004
132,4180071600,341,7,1,2.95,,45.62,1,400799999999999A,4046CF5C28F5C28F,23914.0,1.6042100000000004
132,4180071600,342,8,1,2.95,,45.62,1,400799999999999A,4046CF5C28F5C28F,24727.0,1.6042100000000004
132,4180071600,343,37,1,2.95,,45.62,1,400799999999999A,4046CF5C28F5C28F,23492.0,1.6042100000000004
132,4180071600,344,4,1,2.95,,45.62,1,400799999999999A,4046CF5C28F5C28F,19209.0,1.6042100000000004
132,4180071600,345,8,1,2.95,,45.62,1,400799999999999A,4046CF5C28F5C28F,22359.0,1.6042100000000004
132,4180071600,346,3,1,2.95,,45.62,1,400799999999999A,4046CF5C28F5C28F,21933.0,1.6042100000000004
132,4180071600,347,7,1,2.95,,38.3,1,400799999999999A,4043266666666666,22210.0,1.82015
132,4180071600,348,11,1,2.95,,38.3,1,400799999999999A,4043266666666666,25639.0,1.82015
132,4180071600,349,5,1,2.95,,38.3,1,400799999999999A,4043266666666666,22348.0,1.82015
132,4180071600,350,6,1,2.95,,34.2,1,400799999999999A,404119999999999A,23885.0,1.9411
132,4180071600,351,3,1,2.95,,34.2,1,400799999999999A,404119999999999A,22296.0,1.9411
132,4180071600,352,4,1,2.95,,33.52,1,400799999999999A,4040C28F5C28F5C3,22878.0,1.96116
132,4180071600,353,3,1,2.95,,33.52,1,400799999999999A,4040C28F5C28F5C3,23810.0,1.96116
132,4180071600,354,7,1,2.95,,33.49,1,400799999999999A,4040BEB851EB851F,21995.0,1.9620450000000005
132,4180071600,355,4,1,2.95,,33.32,1,400799999999999A,4040A8F5C28F5C29,26325.0,1.9670600000000005
132,4180071600,356,4,1,2.95,,33.32,1,400799999999999A,4040A8F5C28F5C29,20642.0,1.9670600000000005
132,4180071600,357,4,1,2.95,,33.32,1,400799999999999A,4040A8F5C28F5C29,23260.0,1.9670600000000005
132,4180071600,358,2,1,2.95,,30.27,1,400799999999999A,403E451EB851EB85,22843.0,2.0570350000000004
132,4180071600,359,1,1,2.95,,30.27,1,400799999999999A,403E451EB851EB85,23049.0,2.0570350000000004
132,4180071600,360,4,1,2.95,,30.27,1,400799999999999A,403E451EB851EB85,18866.0,2.0570350000000004
132,4180071600,361,6,1,2.95,,29.38,1,400799999999999A,403D6147AE147AE1,22769.0,2.08329
132,4180071600,362,2,1,2.95,,29.38,1,400799999999999A,403D6147AE147AE1,19445.0,2.08329
132,4180071600,363,1,1,2.95,,29.38,1,400799999999999A,403D6147AE147AE1,24756.0,2.08329
132,4180071600,364,5,1,2.95,,29.08,1,400799999999999A,403D147AE147AE14,25702.0,2.09214
132,4180071600,365,2,1,2.95,,29.08,1,400799999999999A,403D147AE147AE14,25323.0,2.09214
132,4180071600,366,4,1,2.95,,29.05,1,400799999999999A,403D0CCCCCCCCCCD,25378.0,2.0930250000000004
132,4180071600,367,4,1,2.95,,29.05,1,400799999999999A,403D0CCCCCCCCCCD,25306.0,2.0930250000000004
132,4180071600,368,8,1,2.95,,38.92,1,400799999999999A,404375C28F5C28F6,25099.0,1.80186
132,4180071600,369,7,1,2.95,,40.33,1,400799999999999A,40442A3D70A3D70A,23363.0,1.7602650000000002
132,4180071600,370,7,1,2.95,,40.33,1,400799999999999A,40442A3D70A3D70A,24402.0,1.7602650000000002
132,4180071600,371,15,1,2.95,,40.33,1,400799999999999A,40442A3D70A3D70A,23786.0,1.7602650000000002
132,4180071600,372,24,1,2.95,,40.33,1,400799999999999A,40442A3D70A3D70A,13918.0,1.7602650000000002
132,4180071600,373,25,1,2.95,,40.33,1,400799999999999A,40442A3D70A3D70A,19140.0,1.7602650000000002
132,4180071600,374,25,1,2.95,,40.33,1,400799999999999A,40442A3D70A3D70A,20149.0,1.7602650000000002
132,4180071600,375,19,1,2.95,,37.35,1,400799999999999A,4042ACCCCCCCCCCD,24731.0,1.8481750000000003
132,4180071600,376,32,1,2.95,,34.03,1,400799999999999A,404103D70A3D70A4,29626.0,1.946115
132,4180071600,377,136,1,2.95,,32.06,1,400799999999999A,404007AE147AE148,20446.0,2.00423
132,4180071600,378,63,1,2.95,,31.55,1,400799999999999A,403F8CCCCCCCCCCD,24334.0,2.019275
132,4180071600,379,46,1,2.99,,38.36,1,4007EB851EB851EC,40432E147AE147AE,24179.0,1.8430360000000003
132,4180071600,380,55,1,2.99,,38.32,1,4007EB851EB851EC,404328F5C28F5C29,27365.0,1.844232
132,4180071600,381,161,1,2.99,,38.32,1,4007EB851EB851EC,404328F5C28F5C29,24402.0,1.844232
132,4180071600,382,323,1,2.5,B,26.24,1,4004000000000000,403A3D70A3D70A3D,21817.0,1.844
132,4180071600,383,23,1,2.54,B,27.47,1,400451EB851EB852,403B7851EB851EB8,22212.0,1.842262
132,4180071600,384,4,1,2.99,,38.32,1,4007EB851EB851EC,404328F5C28F5C29,22061.0,1.844232
132,4180071600,385,19,1,1.99,B,32.46,1,3FFFD70A3D70A3D7,40403AE147AE147B,22088.0,1.344046
132,4180071600,386,15,1,1.99,B,25.76,1,3FFFD70A3D70A3D7,4039C28F5C28F5C3,20953.0,1.4773759999999998
132,4180071600,387,17,1,2.99,,38.32,1,4007EB851EB851EC,404328F5C28F5C29,23068.0,1.844232
132,4180071600,388,17,1,2.99,,38.32,1,4007EB851EB851EC,404328F5C28F5C29,29422.0,1.844232
132,4180071600,389,75,1,2.99,,38.32,1,4007EB851EB851EC,404328F5C28F5C29,22677.0,1.844232
132,4180071600,390,31,1,2.99,,38.32,1,4007EB851EB851EC,404328F5C28F5C29,22011.0,1.844232
132,4180071600,391,24,1,2.99,,38.32,1,4007EB851EB851EC,404328F5C28F5C29,23211.0,1.844232
132,4180071600,392,18,1,2.99,,38.32,1,4007EB851EB851EC,404328F5C28F5C29,24867.0,1.844232
132,4180071600,393,51,1,2.99,,38.32,1,4007EB851EB851EC,404328F5C28F5C29,29345.0,1.844232
132,4180071600,394,51,1,2.99,,38.32,1,4007EB851EB851EC,404328F5C28F5C29,26828.0,1.844232
132,4180071600,395,63,1,2.99,,38.32,1,4007EB851EB851EC,404328F5C28F5C29,26021.0,1.844232
132,4180071600,396,22,1,2.99,,38.32,1,4007EB851EB851EC,404328F5C28F5C29,20070.0,1.844232
132,4180071600,397,29,1,2.99,,38.32,1,4007EB851EB851EC,404328F5C28F5C29,25991.0,1.844232
132,4180071600,398,51,1,2.99,,38.32,1,4007EB851EB851EC,404328F5C28F5C29,22792.0,1.844232
132,4180071600,399,15,1,2.99,,32.9,1,4007EB851EB851EC,4040733333333333,,2.0062900000000004
